file,mode,size,has_alpha,transparent_pct,border_opaque_pct,opaque_bbox,verdict
source/expressions/yanna_face_01_sweet_smile.png,RGBA,246x246,True,40.93,16.9,"(28, 4, 207, 246)",OK
source/expressions/yanna_face_02_wave_hello_excited.png,RGBA,247x246,True,37.51,14.5,"(13, 3, 237, 246)",OK
source/expressions/yanna_face_03_laughing.png,RGBA,247x246,True,41.99,15.3,"(28, 3, 209, 246)",OK
source/expressions/yanna_face_04_wink_tongue_peace.png,RGBA,247x246,True,40.15,13.7,"(29, 3, 232, 246)",OK
source/expressions/yanna_face_05_blow_kiss.png,RGBA,247x246,True,42.09,16.1,"(31, 4, 203, 246)",OK
source/expressions/yanna_face_06_shocked_hands_cheeks.png,RGBA,246x247,True,41.1,16.5,"(32, 3, 206, 247)",OK
source/expressions/yanna_face_07_surprised_gasp.png,RGBA,247x247,True,42.08,16.1,"(35, 5, 207, 247)",OK
source/expressions/yanna_face_08_thinking_chin.png,RGBA,247x247,True,43.17,15.3,"(32, 5, 199, 247)",OK
source/expressions/yanna_face_09_side_eye_sus.png,RGBA,247x247,True,41.97,15.7,"(29, 3, 197, 247)",OK
source/expressions/yanna_face_10_annoyed_crossed.png,RGBA,247x247,True,40.65,16.1,"(32, 3, 223, 247)",OK
source/expressions/yanna_face_11_sad_pout.png,RGBA,246x247,True,40.71,16.1,"(31, 4, 206, 247)",OK
source/expressions/yanna_face_12_crying.png,RGBA,247x247,True,40.85,17.3,"(28, 5, 203, 247)",OK
source/expressions/yanna_face_13_yawning_tired.png,RGBA,247x247,True,41.35,14.9,"(25, 5, 199, 247)",OK
source/expressions/yanna_face_14_bored_chin_rest.png,RGBA,247x247,True,41.97,16.5,"(27, 8, 204, 247)",OK
source/expressions/yanna_face_15_shh_secret.png,RGBA,247x247,True,42.94,16.1,"(32, 4, 201, 247)",OK
source/expressions/yanna_face_16_flirty_heart.png,RGBA,246x247,True,38.18,16.1,"(29, 2, 230, 247)",OK
source/expressions/yanna_face_17_dreamy_smile.png,RGBA,247x247,True,40.88,17.7,"(30, 7, 209, 247)",OK
source/expressions/yanna_face_18_blushing_shy.png,RGBA,247x247,True,39.9,17.3,"(28, 4, 205, 247)",OK
source/expressions/yanna_face_19_flex_strong.png,RGBA,247x247,True,35.33,14.5,"(14, 2, 232, 247)",OK
source/expressions/yanna_face_20_heart_eyes.png,RGBA,247x247,True,40.67,16.1,"(28, 3, 202, 247)",OK
source/expressions/yanna_face_21_rock_on_tongue.png,RGBA,246x247,True,40.69,16.5,"(26, 3, 204, 247)",OK
source/expressions/yanna_face_22_unbothered_crossed.png,RGBA,247x247,True,42.72,14.9,"(28, 4, 198, 247)",OK
source/expressions/yanna_face_23_quiet_shh.png,RGBA,247x247,True,44.38,15.7,"(28, 6, 196, 247)",OK
source/expressions/yanna_face_24_peace_smirk.png,RGBA,247x247,True,37.36,16.5,"(11, 4, 226, 247)",OK
source/expressions/yanna_face_25_double_peace_joy.png,RGBA,247x247,True,38.63,16.1,"(26, 2, 219, 247)",OK
source/mouths/yanna_mouth_01_A1_open_wide.png,RGBA,246x246,True,22.86,23.8,"(7, 7, 245, 246)",OK
source/mouths/yanna_mouth_02_A2_open_smile.png,RGBA,247x246,True,8.19,24.2,"(6, 7, 245, 246)",OK
source/mouths/yanna_mouth_03_A3_open_talk.png,RGBA,247x246,True,8.12,24.2,"(4, 7, 243, 246)",OK
source/mouths/yanna_mouth_04_A4_open_soft.png,RGBA,247x246,True,8.11,23.4,"(2, 7, 241, 246)",OK
source/mouths/yanna_mouth_05_A5_open_laugh.png,RGBA,247x246,True,44.43,21.4,"(0, 8, 239, 246)",OK
source/mouths/yanna_mouth_06_E1_grin_teeth.png,RGBA,246x247,True,33.11,21.8,"(8, 0, 245, 247)",OK
source/mouths/yanna_mouth_07_E2_grin_squint.png,RGBA,247x247,True,7.16,25.4,"(6, 0, 245, 247)",OK
source/mouths/yanna_mouth_08_E3_grin_bright.png,RGBA,247x247,True,7.5,26.2,"(4, 0, 243, 247)",OK
source/mouths/yanna_mouth_09_E4_grin_sassy.png,RGBA,247x247,True,9.38,26.2,"(2, 0, 241, 247)",OK
source/mouths/yanna_mouth_10_E5_grin_wide.png,RGBA,247x247,True,43.3,19.0,"(0, 10, 238, 247)",OK
source/mouths/yanna_mouth_11_I1_teeth_tight.png,RGBA,246x247,True,44.5,29.8,"(21, 0, 209, 247)",OK
source/mouths/yanna_mouth_12_I2_teeth_smirk.png,RGBA,247x247,True,7.29,39.1,"(6, 0, 245, 247)",OK
source/mouths/yanna_mouth_13_I3_teeth_smile.png,RGBA,247x247,True,7.69,38.7,"(4, 0, 243, 247)",OK
source/mouths/yanna_mouth_14_I4_teeth_cringe.png,RGBA,247x247,True,9.63,39.1,"(2, 0, 240, 247)",OK
source/mouths/yanna_mouth_15_I5_teeth_yikes.png,RGBA,247x247,True,45.78,31.0,"(13, 0, 206, 247)",OK
source/mouths/yanna_mouth_16_O1_round_oh.png,RGBA,246x247,True,44.54,29.8,"(16, 0, 210, 247)",OK
source/mouths/yanna_mouth_17_O2_round_soft.png,RGBA,247x247,True,7.23,48.4,"(6, 0, 245, 247)",OK
source/mouths/yanna_mouth_18_O3_round_gasp.png,RGBA,247x247,True,7.89,48.4,"(4, 0, 243, 247)",OK
source/mouths/yanna_mouth_19_O4_round_wide.png,RGBA,247x247,True,7.74,47.6,"(2, 0, 240, 247)",OK
source/mouths/yanna_mouth_20_O5_round_ooh.png,RGBA,247x247,True,44.69,30.6,"(9, 0, 206, 247)",OK
source/mouths/yanna_mouth_21_U1_pucker_kiss.png,RGBA,246x247,True,42.43,21.8,"(7, 0, 245, 240)",OK
source/mouths/yanna_mouth_22_U2_pucker_wink.png,RGBA,247x247,True,9.85,24.2,"(6, 0, 245, 240)",OK
source/mouths/yanna_mouth_23_U3_pucker_soft.png,RGBA,247x247,True,10.28,24.2,"(4, 0, 243, 240)",OK
source/mouths/yanna_mouth_24_U4_pucker_surprise.png,RGBA,247x247,True,10.19,23.8,"(2, 0, 240, 240)",OK
source/mouths/yanna_mouth_25_U5_pucker_smooch.png,RGBA,247x247,True,46.15,16.5,"(0, 0, 238, 240)",OK
source/poses/yanna_pose_01_A1_tada_arms_out.png,RGBA,246x246,True,68.2,4.8,"(10, 6, 221, 246)",OK
source/poses/yanna_pose_02_A2_gasp_hands_face.png,RGBA,247x246,True,72.61,4.8,"(19, 5, 171, 246)",OK
source/poses/yanna_pose_03_A3_cheer_run.png,RGBA,247x246,True,71.47,3.2,"(13, 8, 181, 246)",OK
source/poses/yanna_pose_04_A4_talking_hand_hip.png,RGBA,247x246,True,72.6,5.6,"(3, 4, 247, 246)",OK
source/poses/yanna_pose_05_A5_point_up_speaking.png,RGBA,247x246,True,67.72,5.6,"(0, 4, 176, 246)",OK
source/poses/yanna_pose_06_E1_big_grin_hands_hips.png,RGBA,246x247,True,69.81,5.2,"(11, 11, 182, 247)",OK
source/poses/yanna_pose_07_E2_peace_sign_smile.png,RGBA,247x247,True,70.96,4.8,"(8, 0, 191, 247)",OK
source/poses/yanna_pose_08_E3_giggle_leg_up.png,RGBA,247x247,True,74.45,5.6,"(1, 0, 244, 247)",OK
source/poses/yanna_pose_09_E4_cheese_point_cheeks.png,RGBA,247x247,True,72.09,5.6,"(0, 6, 245, 247)",OK
source/poses/yanna_pose_10_E5_smirk_arms_crossed.png,RGBA,247x247,True,71.05,8.5,"(0, 0, 161, 247)",OK
source/poses/yanna_pose_11_I1_grimace_yikes.png,RGBA,246x247,True,72.53,9.3,"(13, 0, 182, 247)",OK
source/poses/yanna_pose_12_I2_nervous_cringe.png,RGBA,247x247,True,73.01,9.7,"(0, 0, 245, 247)",OK
source/poses/yanna_pose_13_I3_thinking_finger_chin.png,RGBA,247x247,True,73.42,7.3,"(1, 0, 245, 247)",OK
source/poses/yanna_pose_14_I4_frustrated_ugh.png,RGBA,247x247,True,72.94,10.1,"(3, 0, 247, 247)",OK
source/poses/yanna_pose_15_I5_awkward_neck_scratch.png,RGBA,247x247,True,71.96,8.5,"(1, 0, 166, 247)",OK
source/poses/yanna_pose_16_O1_shrug_confused.png,RGBA,246x247,True,69.95,0.4,"(10, 0, 204, 244)",OK
source/poses/yanna_pose_17_O2_oh_no_hand_cheek.png,RGBA,247x247,True,70.9,0.0,"(16, 5, 172, 244)",OK
source/poses/yanna_pose_18_O3_explaining_palm_up.png,RGBA,247x247,True,70.91,0.4,"(10, 0, 179, 244)",OK
source/poses/yanna_pose_19_O4_gasp_hand_mouth.png,RGBA,247x247,True,73.29,0.8,"(3, 0, 247, 245)",OK
source/poses/yanna_pose_20_O5_ooh_peace_sign.png,RGBA,247x247,True,69.38,1.6,"(0, 0, 181, 245)",OK
source/poses/yanna_pose_21_U1_kiss_hand_hip.png,RGBA,246x247,True,70.99,2.8,"(10, 0, 175, 238)",OK
source/poses/yanna_pose_22_U2_kiss_peace_sign.png,RGBA,247x247,True,70.9,1.2,"(19, 0, 198, 238)",OK
source/poses/yanna_pose_23_U3_pout_arms_crossed.png,RGBA,247x247,True,72.65,0.0,"(12, 1, 164, 236)",OK
source/poses/yanna_pose_24_U4_thumbs_up_smooch.png,RGBA,247x247,True,71.53,3.6,"(3, 0, 247, 240)",OK
source/poses/yanna_pose_25_U5_smooch_lean.png,RGBA,247x247,True,76.37,2.4,"(0, 0, 150, 235)",OK
source/reactions/yanna_react_01_cute_standing.png,RGBA,246x246,True,69.36,9.7,"(12, 2, 180, 246)",OK
source/reactions/yanna_react_02_peace_sign_wink.png,RGBA,247x246,True,66.73,8.5,"(11, 3, 191, 246)",OK
source/reactions/yanna_react_03_excited_cheer.png,RGBA,247x246,True,69.35,6.5,"(9, 4, 183, 246)",OK
source/reactions/yanna_react_04_happy_laugh.png,RGBA,247x246,True,70.41,8.1,"(8, 3, 168, 246)",OK
source/reactions/yanna_react_05_blow_kiss_heart.png,RGBA,247x246,True,67.61,8.9,"(9, 1, 188, 246)",OK
source/reactions/yanna_react_06_shocked_hands_face.png,RGBA,246x247,True,70.85,11.3,"(10, 0, 170, 247)",OK
source/reactions/yanna_react_07_surprised_omg.png,RGBA,247x247,True,71.34,10.9,"(11, 0, 179, 247)",OK
source/reactions/yanna_react_08_thinking_chin.png,RGBA,247x247,True,71.43,8.5,"(0, 0, 247, 247)",OK
source/reactions/yanna_react_09_pondering_crossed.png,RGBA,247x247,True,71.26,10.1,"(0, 0, 247, 247)",OK
source/reactions/yanna_react_10_unimpressed_crossed.png,RGBA,247x247,True,69.7,11.7,"(6, 0, 163, 247)",OK
source/reactions/yanna_react_11_pouty_crossed.png,RGBA,246x247,True,70.16,7.3,"(9, 0, 168, 247)",OK
source/reactions/yanna_react_12_whatever_hand_flip.png,RGBA,247x247,True,71.28,6.0,"(8, 0, 172, 247)",OK
source/reactions/yanna_react_13_sad_puppy_eyes.png,RGBA,247x247,True,70.62,8.1,"(0, 0, 247, 247)",OK
source/reactions/yanna_react_14_crying.png,RGBA,247x247,True,70.44,6.9,"(0, 0, 247, 247)",OK
source/reactions/yanna_react_15_sleepy_yawn_zzz.png,RGBA,247x247,True,69.28,7.3,"(6, 0, 197, 247)",OK
source/reactions/yanna_react_16_bored_sitting.png,RGBA,246x247,True,69.97,12.5,"(9, 0, 173, 247)",OK
source/reactions/yanna_react_17_shy_sweet.png,RGBA,247x247,True,72.62,6.5,"(8, 0, 163, 247)",OK
source/reactions/yanna_react_18_wink_pose.png,RGBA,247x247,True,72.96,7.7,"(0, 0, 247, 247)",OK
source/reactions/yanna_react_19_confident_hip.png,RGBA,247x247,True,72.77,7.3,"(1, 0, 247, 247)",OK
source/reactions/yanna_react_20_fist_up_power.png,RGBA,247x247,True,70.89,6.5,"(5, 0, 176, 247)",OK
source/reactions/yanna_react_21_heart_eyes_love.png,RGBA,246x247,True,67.55,14.5,"(8, 0, 180, 247)",OK
source/reactions/yanna_react_22_silly_tongue_out.png,RGBA,247x247,True,68.52,5.2,"(8, 0, 180, 247)",OK
source/reactions/yanna_react_23_double_peace_hype.png,RGBA,247x247,True,71.35,4.4,"(7, 0, 181, 247)",OK
source/reactions/yanna_react_24_side_eye_crossed.png,RGBA,247x247,True,71.62,6.5,"(7, 0, 182, 247)",OK
source/reactions/yanna_react_25_talk_to_the_hand.png,RGBA,247x247,True,68.79,7.3,"(5, 0, 174, 247)",OK
source/signature/yanna_sig_01_side_eye.png,RGBA,246x246,True,56.64,17.7,"(2, 2, 246, 246)",OK
source/signature/yanna_sig_02_tiny_clap.png,RGBA,247x246,True,67.54,3.6,"(7, 9, 198, 246)",OK
source/signature/yanna_sig_03_girl_face.png,RGBA,247x246,True,67.47,3.6,"(5, 9, 177, 246)",OK
source/signature/yanna_sig_04_caption_pointer.png,RGBA,247x246,True,66.35,3.2,"(3, 9, 194, 246)",OK
source/signature/yanna_sig_05_panic_spin.png,RGBA,247x246,True,49.58,2.8,"(0, 9, 236, 246)",OK
source/signature/yanna_sig_06_money_eyes.png,RGBA,246x247,True,62.84,8.5,"(9, 0, 186, 247)",OK
source/signature/yanna_sig_07_mom_glitch.png,RGBA,247x247,True,71.13,5.6,"(0, 0, 247, 247)",OK
source/signature/yanna_sig_08_idea_explosion.png,RGBA,247x247,True,68.05,6.5,"(0, 0, 247, 247)",OK
source/signature/yanna_sig_09_soft_life_sigh.png,RGBA,247x247,True,50.59,22.6,"(0, 0, 247, 247)",OK
source/signature/yanna_sig_10_be_for_real_stare.png,RGBA,247x247,True,70.74,6.5,"(0, 0, 177, 247)",OK
source/signature/yanna_sig_11_notebook_dive.png,RGBA,246x247,True,54.85,19.8,"(1, 0, 234, 247)",OK
source/signature/yanna_sig_12_canva_crawl.png,RGBA,247x247,True,62.01,14.9,"(0, 0, 247, 247)",OK
source/signature/yanna_sig_13_celebration_bounce.png,RGBA,247x247,True,66.95,5.2,"(0, 0, 247, 247)",OK
source/signature/yanna_sig_14_receipt_pull.png,RGBA,247x247,True,59.04,25.8,"(0, 0, 247, 247)",OK
source/signature/yanna_sig_15_dramatic_faint.png,RGBA,247x247,True,62.67,9.3,"(0, 0, 246, 247)",OK
source/signature/yanna_sig_16_product_hug.png,RGBA,246x247,True,63.7,19.8,"(9, 0, 203, 247)",OK
source/signature/yanna_sig_17_post_it_alarm.png,RGBA,247x247,True,65.79,15.7,"(0, 0, 243, 247)",OK
source/signature/yanna_sig_18_scroll_stopper.png,RGBA,247x247,True,64.47,14.1,"(0, 0, 247, 247)",OK
source/signature/yanna_sig_19_inner_child_wave.png,RGBA,247x247,True,69.91,8.9,"(0, 0, 247, 247)",OK
source/signature/yanna_sig_20_chill_mode.png,RGBA,247x247,True,67.34,2.4,"(0, 46, 237, 247)",OK
source/signature/yanna_sig_21_boss_mode.png,RGBA,246x247,True,67.92,9.3,"(2, 0, 246, 246)",OK
source/signature/yanna_sig_22_kitchen_table_ceo.png,RGBA,247x247,True,52.54,10.5,"(0, 0, 214, 246)",OK
source/signature/yanna_sig_23_we_dont_judge_nod.png,RGBA,247x247,True,67.27,12.5,"(5, 0, 198, 246)",OK
source/signature/yanna_sig_24_sale_whisper.png,RGBA,247x247,True,64.09,3.2,"(0, 0, 162, 246)",OK
source/signature/yanna_sig_25_exit_slide.png,RGBA,247x247,True,67.11,8.9,"(0, 0, 211, 246)",OK
source/signature_alt/yanna_sigalt_01_side_eye.png,RGBA,246x246,True,69.92,7.3,"(12, 4, 180, 246)",OK
source/signature_alt/yanna_sigalt_02_tiny_clap.png,RGBA,247x246,True,67.01,9.7,"(9, 0, 241, 246)",OK
source/signature_alt/yanna_sigalt_03_girl_face.png,RGBA,247x246,True,70.31,7.7,"(3, 0, 247, 246)",OK
source/signature_alt/yanna_sigalt_04_caption_pointer.png,RGBA,247x246,True,64.7,14.1,"(0, 0, 247, 246)",OK
source/signature_alt/yanna_sigalt_05_panic_spin.png,RGBA,247x246,True,57.09,11.7,"(0, 19, 219, 246)",OK
source/signature_alt/yanna_sigalt_06_money_eyes.png,RGBA,246x247,True,66.34,11.3,"(0, 0, 245, 247)",OK
source/signature_alt/yanna_sigalt_07_mom_glitch.png,RGBA,247x247,True,72.91,9.7,"(0, 0, 247, 247)",OK
source/signature_alt/yanna_sigalt_08_idea_explosion.png,RGBA,247x247,True,63.55,13.7,"(0, 0, 247, 247)",OK
source/signature_alt/yanna_sigalt_09_soft_life_sigh.png,RGBA,247x247,True,55.09,12.1,"(0, 0, 247, 247)",OK
source/signature_alt/yanna_sigalt_10_be_for_real_stare.png,RGBA,247x247,True,72.57,6.5,"(0, 10, 151, 247)",OK
source/signature_alt/yanna_sigalt_11_notebook_dive.png,RGBA,246x247,True,66.58,6.0,"(0, 0, 246, 240)",OK
source/signature_alt/yanna_sigalt_12_canva_crawl.png,RGBA,247x247,True,63.72,0.8,"(0, 0, 247, 247)",OK
source/signature_alt/yanna_sigalt_13_celebration_bounce.png,RGBA,247x247,True,68.39,7.3,"(0, 0, 247, 247)",OK
source/signature_alt/yanna_sigalt_14_receipt_pull.png,RGBA,247x247,True,65.72,9.7,"(0, 0, 247, 247)",OK
source/signature_alt/yanna_sigalt_15_dramatic_faint.png,RGBA,247x247,True,68.37,10.1,"(0, 0, 247, 230)",OK
source/signature_alt/yanna_sigalt_16_product_hug.png,RGBA,246x247,True,65.74,4.0,"(0, 4, 246, 247)",OK
source/signature_alt/yanna_sigalt_17_post_it_alarm.png,RGBA,247x247,True,66.55,2.8,"(0, 0, 247, 247)",OK
source/signature_alt/yanna_sigalt_18_scroll_stopper.png,RGBA,247x247,True,67.86,5.6,"(0, 0, 247, 247)",OK
source/signature_alt/yanna_sigalt_19_inner_child_wave.png,RGBA,247x247,True,65.88,7.3,"(0, 0, 247, 247)",OK
source/signature_alt/yanna_sigalt_20_chill_mode.png,RGBA,247x247,True,69.72,3.6,"(0, 4, 247, 241)",OK
source/signature_alt/yanna_sigalt_21_boss_mode.png,RGBA,246x247,True,69.93,6.5,"(8, 0, 178, 236)",OK
source/signature_alt/yanna_sigalt_22_kitchen_table_ceo.png,RGBA,247x247,True,52.35,3.2,"(5, 0, 241, 247)",OK
source/signature_alt/yanna_sigalt_23_we_dont_judge_nod.png,RGBA,247x247,True,0.01,100.0,"(0, 0, 247, 247)",FAIL: background not removed (image is opaque)
source/signature_alt/yanna_sigalt_24_sale_whisper.png,RGBA,247x247,True,0.02,99.2,"(0, 0, 247, 247)",FAIL: background not removed (image is opaque)
source/signature_alt/yanna_sigalt_25_exit_slide.png,RGBA,247x247,True,0.04,100.0,"(0, 0, 247, 247)",FAIL: background not removed (image is opaque)
