file_name,category,reaction_name,best_use_case,suggested_capcut_animation,suggested_on_screen_phrase,animation_preset,suggested_duration_sec,source_path,capcut_ready_png,gif,webm
yanna_sig_01_side_eye.png,signature,side_eye,"Reacting to a shady comment, plot twist, or questionable take.",In: Fade · Loop: Wiggle · Out: Fade,Ma'am. We saw that.,wiggle,2.0,source/signature/yanna_sig_01_side_eye.png,exports/capcut-ready-png/signature/yanna_sig_01_side_eye.png,exports/gif/signature/yanna_sig_01_side_eye_wiggle.gif,exports/webm/signature/yanna_sig_01_side_eye_wiggle.webm
yanna_sig_02_tiny_clap.png,signature,tiny_clap,Sarcastic praise or celebrating a tiny win.,In: Bounce · Loop: Shake · Out: Fade,"Okay, do it again 👏",clap_shake,2.0,source/signature/yanna_sig_02_tiny_clap.png,exports/capcut-ready-png/signature/yanna_sig_02_tiny_clap.png,exports/gif/signature/yanna_sig_02_tiny_clap_clap_shake.gif,exports/webm/signature/yanna_sig_02_tiny_clap_clap_shake.webm
yanna_sig_03_girl_face.png,signature,girl_face,Deadpan disapproval / calling out a bad idea.,In: Zoom In · Loop: Pulse · Out: Fade,Girl… no.,pulse,2.0,source/signature/yanna_sig_03_girl_face.png,exports/capcut-ready-png/signature/yanna_sig_03_girl_face.png,exports/gif/signature/yanna_sig_03_girl_face_pulse.gif,exports/webm/signature/yanna_sig_03_girl_face_pulse.webm
yanna_sig_04_caption_pointer.png,signature,caption_pointer,Directing the viewer to on-screen text or a CTA.,In: Rise · Out: Fade,Read that part again ⬆️,pop_in,2.5,source/signature/yanna_sig_04_caption_pointer.png,exports/capcut-ready-png/signature/yanna_sig_04_caption_pointer.png,exports/gif/signature/yanna_sig_04_caption_pointer_pop_in.gif,exports/webm/signature/yanna_sig_04_caption_pointer_pop_in.webm
yanna_sig_05_panic_spin.png,signature,panic_spin,"Overwhelm, deadlines, chaos moments.",In: Spin · Loop: Wiggle · Out: Zoom Out,It's giving overwhelmed 😩,wiggle,2.0,source/signature/yanna_sig_05_panic_spin.png,exports/capcut-ready-png/signature/yanna_sig_05_panic_spin.png,exports/gif/signature/yanna_sig_05_panic_spin_wiggle.gif,exports/webm/signature/yanna_sig_05_panic_spin_wiggle.webm
yanna_sig_06_money_eyes.png,signature,money_eyes,"Sales, pricing reveals, anything money.",In: Zoom In · Loop: Heartbeat · Out: Fade,Cha-ching 💰,pulse,1.8,source/signature/yanna_sig_06_money_eyes.png,exports/capcut-ready-png/signature/yanna_sig_06_money_eyes.png,exports/gif/signature/yanna_sig_06_money_eyes_pulse.gif,exports/webm/signature/yanna_sig_06_money_eyes_pulse.webm
yanna_sig_07_mom_glitch.png,signature,mom_glitch,Relatable tired-mom / 'brb' moments.,In: Slide (left) · Out: Slide (right),Mom brain. Standby ☕,slide_in,2.2,source/signature/yanna_sig_07_mom_glitch.png,exports/capcut-ready-png/signature/yanna_sig_07_mom_glitch.png,exports/gif/signature/yanna_sig_07_mom_glitch_slide_in.gif,exports/webm/signature/yanna_sig_07_mom_glitch_slide_in.webm
yanna_sig_08_idea_explosion.png,signature,idea_explosion,Aha moment / introducing a tip or idea.,In: Bounce · Loop: Pulse · Out: Fade,Wait — I got it 💡,pop_in,2.0,source/signature/yanna_sig_08_idea_explosion.png,exports/capcut-ready-png/signature/yanna_sig_08_idea_explosion.png,exports/gif/signature/yanna_sig_08_idea_explosion_pop_in.gif,exports/webm/signature/yanna_sig_08_idea_explosion_pop_in.webm
yanna_sig_09_soft_life_sigh.png,signature,soft_life_sigh,"Self-care, relaxation, soft-life content.",In: Fade · Loop: Float · Out: Fade,Soft life only ☁️,float,2.5,source/signature/yanna_sig_09_soft_life_sigh.png,exports/capcut-ready-png/signature/yanna_sig_09_soft_life_sigh.png,exports/gif/signature/yanna_sig_09_soft_life_sigh_float.gif,exports/webm/signature/yanna_sig_09_soft_life_sigh_float.webm
yanna_sig_10_be_for_real_stare.png,signature,be_for_real_stare,Calling out nonsense / 'really?' beat.,In: Zoom In · Loop: Pulse · Out: Fade,Be so for real.,pulse,2.0,source/signature/yanna_sig_10_be_for_real_stare.png,exports/capcut-ready-png/signature/yanna_sig_10_be_for_real_stare.png,exports/gif/signature/yanna_sig_10_be_for_real_stare_pulse.gif,exports/webm/signature/yanna_sig_10_be_for_real_stare_pulse.webm
yanna_sig_11_notebook_dive.png,signature,notebook_dive,"Note-taking, 'save this', planning content.",In: Slide (down) · Out: Fade,Let me write that down ✍️,slide_in,2.2,source/signature/yanna_sig_11_notebook_dive.png,exports/capcut-ready-png/signature/yanna_sig_11_notebook_dive.png,exports/gif/signature/yanna_sig_11_notebook_dive_slide_in.gif,exports/webm/signature/yanna_sig_11_notebook_dive_slide_in.webm
yanna_sig_12_canva_crawl.png,signature,canva_crawl,Design struggles / tech frustration.,In: Slide (left) · Out: Fade,Canva broke me again 😭,slide_in,2.2,source/signature/yanna_sig_12_canva_crawl.png,exports/capcut-ready-png/signature/yanna_sig_12_canva_crawl.png,exports/gif/signature/yanna_sig_12_canva_crawl_slide_in.gif,exports/webm/signature/yanna_sig_12_canva_crawl_slide_in.webm
yanna_sig_13_celebration_bounce.png,signature,celebration_bounce,"Wins, launches, milestones, hype.",In: Bounce · Loop: Wiggle · Out: Zoom Out,WE DID IT 🎉,pop_in,2.2,source/signature/yanna_sig_13_celebration_bounce.png,exports/capcut-ready-png/signature/yanna_sig_13_celebration_bounce.png,exports/gif/signature/yanna_sig_13_celebration_bounce_pop_in.gif,exports/webm/signature/yanna_sig_13_celebration_bounce_pop_in.webm
yanna_sig_14_receipt_pull.png,signature,receipt_pull,"Proof, facts, 'told you so', testimonials.",In: Slide (right) · Out: Fade,I got the receipts 🧾,slide_in,2.5,source/signature/yanna_sig_14_receipt_pull.png,exports/capcut-ready-png/signature/yanna_sig_14_receipt_pull.png,exports/gif/signature/yanna_sig_14_receipt_pull_slide_in.gif,exports/webm/signature/yanna_sig_14_receipt_pull_slide_in.webm
yanna_sig_15_dramatic_faint.png,signature,dramatic_faint,Overreacting for comedy / shock.,In: Slide (down) · Out: Fade,I can't 😵,slide_in,2.2,source/signature/yanna_sig_15_dramatic_faint.png,exports/capcut-ready-png/signature/yanna_sig_15_dramatic_faint.png,exports/gif/signature/yanna_sig_15_dramatic_faint_slide_in.gif,exports/webm/signature/yanna_sig_15_dramatic_faint_slide_in.webm
yanna_sig_16_product_hug.png,signature,product_hug,Showing off a product or launch.,In: Bounce · Loop: Heartbeat · Out: Fade,My baby 🥹,pop_in,2.2,source/signature/yanna_sig_16_product_hug.png,exports/capcut-ready-png/signature/yanna_sig_16_product_hug.png,exports/gif/signature/yanna_sig_16_product_hug_pop_in.gif,exports/webm/signature/yanna_sig_16_product_hug_pop_in.webm
yanna_sig_17_post_it_alarm.png,signature,post_it_alarm,"Reminders, announcements, 'don't forget'.",In: Bounce · Loop: Shake · Out: Fade,This your reminder 🔔,clap_shake,2.0,source/signature/yanna_sig_17_post_it_alarm.png,exports/capcut-ready-png/signature/yanna_sig_17_post_it_alarm.png,exports/gif/signature/yanna_sig_17_post_it_alarm_clap_shake.gif,exports/webm/signature/yanna_sig_17_post_it_alarm_clap_shake.webm
yanna_sig_18_scroll_stopper.png,signature,scroll_stopper,Hooks / the very first second of a video.,In: Zoom In (fast) · Out: Zoom Out,STOP scrolling ✋,pop_in,1.5,source/signature/yanna_sig_18_scroll_stopper.png,exports/capcut-ready-png/signature/yanna_sig_18_scroll_stopper.png,exports/gif/signature/yanna_sig_18_scroll_stopper_pop_in.gif,exports/webm/signature/yanna_sig_18_scroll_stopper_pop_in.webm
yanna_sig_19_inner_child_wave.png,signature,inner_child_wave,Intros / greeting the audience.,In: Rise · Loop: Wiggle · Out: Fade,Hi bestie 👋✨,wiggle,2.0,source/signature/yanna_sig_19_inner_child_wave.png,exports/capcut-ready-png/signature/yanna_sig_19_inner_child_wave.png,exports/gif/signature/yanna_sig_19_inner_child_wave_wiggle.gif,exports/webm/signature/yanna_sig_19_inner_child_wave_wiggle.webm
yanna_sig_20_chill_mode.png,signature,chill_mode,"Laid-back vibes, weekend content.",In: Fade · Loop: Float · Out: Fade,We outside. Relax 😎,float,2.5,source/signature/yanna_sig_20_chill_mode.png,exports/capcut-ready-png/signature/yanna_sig_20_chill_mode.png,exports/gif/signature/yanna_sig_20_chill_mode_float.gif,exports/webm/signature/yanna_sig_20_chill_mode_float.webm
yanna_sig_21_boss_mode.png,signature,boss_mode,"Business / CEO content, getting organized.",In: Rise · Loop: Pulse · Out: Fade,Boss mode: on 📋,pop_in,2.0,source/signature/yanna_sig_21_boss_mode.png,exports/capcut-ready-png/signature/yanna_sig_21_boss_mode.png,exports/gif/signature/yanna_sig_21_boss_mode_pop_in.gif,exports/webm/signature/yanna_sig_21_boss_mode_pop_in.webm
yanna_sig_22_kitchen_table_ceo.png,signature,kitchen_table_ceo,"Entrepreneur story, small-business content.",In: Slide (left) · Out: Fade,Built from the kitchen table 💻,slide_in,2.5,source/signature/yanna_sig_22_kitchen_table_ceo.png,exports/capcut-ready-png/signature/yanna_sig_22_kitchen_table_ceo.png,exports/gif/signature/yanna_sig_22_kitchen_table_ceo_slide_in.gif,exports/webm/signature/yanna_sig_22_kitchen_table_ceo_slide_in.webm
yanna_sig_23_we_dont_judge_nod.png,signature,we_dont_judge_nod,Reassurance / safe-space messaging.,In: Fade · Loop: Pulse · Out: Fade,We don't judge here 🤍,pulse,2.2,source/signature/yanna_sig_23_we_dont_judge_nod.png,exports/capcut-ready-png/signature/yanna_sig_23_we_dont_judge_nod.png,exports/gif/signature/yanna_sig_23_we_dont_judge_nod_pulse.gif,exports/webm/signature/yanna_sig_23_we_dont_judge_nod_pulse.webm
yanna_sig_24_sale_whisper.png,signature,sale_whisper,Teasing deals / discounts subtly.,In: Zoom In · Loop: Pulse · Out: Fade,Psst… it's on sale 🤫,pop_in,2.2,source/signature/yanna_sig_24_sale_whisper.png,exports/capcut-ready-png/signature/yanna_sig_24_sale_whisper.png,exports/gif/signature/yanna_sig_24_sale_whisper_pop_in.gif,exports/webm/signature/yanna_sig_24_sale_whisper_pop_in.webm
yanna_sig_25_exit_slide.png,signature,exit_slide,Outro / end of a video.,In: Fade · Out: Slide (right),Okay bye 👋💨,exit_slide,1.8,source/signature/yanna_sig_25_exit_slide.png,exports/capcut-ready-png/signature/yanna_sig_25_exit_slide.png,exports/gif/signature/yanna_sig_25_exit_slide_exit_slide.gif,exports/webm/signature/yanna_sig_25_exit_slide_exit_slide.webm
