Handle,Title,Collection,SEO Title,SEO Description,Image Alt Text
custom-celebration-design-package,Custom Celebration Design Package,Custom Celebration Design,Custom Celebration Design Package | Color Create Studio,"Two ways to level up your celebration. The PREMIUM SUITE adds a coordinated set of statement pieces on top of your party - think a custom shirt, a welcome...",Custom Celebration Design Package - bundle by Color Create Studio
custom-birthday-shirt,Custom Birthday Shirt,Custom Celebration Design,Custom Birthday Shirt | Color Create Studio,"A birthday shirt that turns heads and tells your story. Custom-built around your names, colors, and theme - with meaning worked into every element, not...",Custom Birthday Shirt - custom design service by Color Create Studio
custom-memorial-shirt,Custom Memorial Shirt,Custom Celebration Design,Custom Memorial Shirt | Color Create Studio,"A memorial shirt that turns heads and tells your story. Custom-built around your names, colors, and theme - with meaning worked into every element, not...",Custom Memorial Shirt - custom design service by Color Create Studio
custom-graduation-shirt,Custom Graduation Shirt,Custom Celebration Design,Custom Graduation Shirt | Color Create Studio,"A graduation shirt that turns heads and tells your story. Custom-built around your names, colors, and theme - with meaning worked into every element, not...",Custom Graduation Shirt - custom design service by Color Create Studio
custom-family-reunion-shirt,Custom Family Reunion Shirt,Custom Celebration Design,Custom Family Reunion Shirt | Color Create Studio,"A family reunion shirt that turns heads and tells your story. Custom-built around your names, colors, and theme - with meaning worked into every element, not...",Custom Family Reunion Shirt - custom design service by Color Create Studio
custom-baby-shower-shirt,Custom Baby Shower Shirt,Custom Celebration Design,Custom Baby Shower Shirt | Color Create Studio,"A baby shower shirt that turns heads and tells your story. Custom-built around your names, colors, and theme - with meaning worked into every element, not...",Custom Baby Shower Shirt - custom design service by Color Create Studio
custom-couple-matching-family-shirt,Custom Couple / Matching Family Shirt,Custom Celebration Design,Custom Couple / Matching Family Shirt | Color Create Studio,"A matching shirt that turns heads and tells your story. Custom-built around your names, colors, and theme - with meaning worked into every element, not...",Custom Couple / Matching Family Shirt - custom design service by Color Create Studio
custom-business-promo-shirt,Custom Business Promo Shirt,Custom Celebration Design,Custom Business Promo Shirt | Color Create Studio,"A business shirt that turns heads and tells your story. Custom-built around your names, colors, and theme - with meaning worked into every element, not...",Custom Business Promo Shirt - custom design service by Color Create Studio
custom-event-merch-shirt,Custom Event Merch Shirt,Custom Celebration Design,Custom Event Merch Shirt | Color Create Studio,"A event merch shirt that turns heads and tells your story. Custom-built around your names, colors, and theme - with meaning worked into every element, not...",Custom Event Merch Shirt - custom design service by Color Create Studio
custom-group-trip-shirt,Custom Group Trip Shirt,Custom Celebration Design,Custom Group Trip Shirt | Color Create Studio,"A group trip shirt that turns heads and tells your story. Custom-built around your names, colors, and theme - with meaning worked into every element, not...",Custom Group Trip Shirt - custom design service by Color Create Studio
custom-kids-birthday-shirt,Custom Kids Birthday Shirt,Custom Celebration Design,Custom Kids Birthday Shirt | Color Create Studio,"A kids birthday shirt that turns heads and tells your story. Custom-built around your names, colors, and theme - with meaning worked into every element, not...",Custom Kids Birthday Shirt - custom design service by Color Create Studio
custom-cancer-survivor-shirt,Custom Cancer Survivor Celebration Shirt,Custom Celebration Design,Custom Cancer Survivor Celebration Shirt | Color Create Studio,"A survivor shirt that turns heads and tells your story. Custom-built around your names, colors, and theme - with meaning worked into every element, not...",Custom Cancer Survivor Celebration Shirt - custom design service by Color Create Studio
custom-photo-collage-shirt,Custom Photo Collage Shirt,Custom Celebration Design,Custom Photo Collage Shirt | Color Create Studio,"A photo collage shirt that turns heads and tells your story. Custom-built around your names, colors, and theme - with meaning worked into every element, not...",Custom Photo Collage Shirt - custom design service by Color Create Studio
custom-shirt-file-format,Custom DTF / Transfer-Ready Shirt File,Custom Celebration Design,Custom DTF / Transfer-Ready Shirt File | Color Create Studio,Production-ready shirt artwork built to press. Get a full-color DTF/transfer-ready file - color-corrected and sized to go straight to production - or a...,Custom DTF / Transfer-Ready Shirt File - print-ready file by Color Create Studio
custom-apparel-design-consultation,Custom Apparel Design Consultation,Custom Celebration Design,Custom Apparel Design Consultation | Color Create Studio,"Not sure where to start? Book a focused session and we map your concept, colors, placement, and production plan before a single pixel is drawn.",Custom Apparel Design Consultation - consultation by Color Create Studio
custom-invitation-design,Custom Invitation Design,Custom Event Graphics,Custom Invitation Design | Color Create Studio,"A first impression people screenshot. A custom invite designed around your theme, colors, and wording. Vivid color that reads across the room, wording that...",Custom Invitation Design - custom design service by Color Create Studio
custom-birthday-invitation,Custom Birthday Invitation,Custom Event Graphics,Custom Birthday Invitation | Color Create Studio,"Set the whole vibe before the party starts with a birthday invite that matches your theme perfectly. Vivid color that reads across the room, wording that...",Custom Birthday Invitation - custom design service by Color Create Studio
custom-baby-shower-invitation,Custom Baby Shower Invitation,Custom Event Graphics,Custom Baby Shower Invitation | Color Create Studio,"Soft, sweet, and unmistakably yours - a baby shower invite that feels like a warm hug. Vivid color that reads across the room, wording that sounds great out...",Custom Baby Shower Invitation - custom design service by Color Create Studio
custom-graduation-invitation,Custom Graduation Invitation,Custom Event Graphics,Custom Graduation Invitation | Color Create Studio,"Celebrate the milestone in style with a polished, photo-ready graduation invite. Vivid color that reads across the room, wording that sounds great out loud...",Custom Graduation Invitation - custom design service by Color Create Studio
custom-memorial-invitation,Custom Memorial / Celebration of Life Invitation,Custom Event Graphics,Custom Memorial / Celebration of Life Invitation | Color Create Studio,"A graceful, dignified invitation that honors a life with warmth and respect. Vivid color that reads across the room, wording that sounds great out loud...",Custom Memorial / Celebration of Life Invitation - custom design service by Color Create Studio
custom-digital-party-flyer,Custom Digital Party Flyer,Custom Event Graphics,Custom Digital Party Flyer | Color Create Studio,"A scroll-stopping flyer built to share, save, and fill your guest list. Vivid color that reads across the room, wording that sounds great out loud, details...",Custom Digital Party Flyer - custom design service by Color Create Studio
custom-business-event-flyer,Custom Business Event Flyer,Custom Event Graphics,Custom Business Event Flyer | Color Create Studio,"Promote your event like a pro with a flyer that looks expensive and converts. Vivid color that reads across the room, wording that sounds great out loud...",Custom Business Event Flyer - custom design service by Color Create Studio
custom-social-event-announcement,Custom Social Media Event Announcement,Custom Event Graphics,Custom Social Media Event Announcement | Color Create Studio,"A platform-ready announcement graphic sized for the feed and built to drive RSVPs. Vivid color that reads across the room, wording that sounds great out...",Custom Social Media Event Announcement - custom design service by Color Create Studio
custom-welcome-sign,Custom Welcome Sign Design,Custom Event Graphics,Custom Welcome Sign Design | Color Create Studio,"Greet every guest with a statement welcome sign that anchors your decor. Vivid color that reads across the room, wording that sounds great out loud, details...",Custom Welcome Sign Design - custom design service by Color Create Studio
custom-table-sign,Custom Table Sign Design,Custom Event Graphics,Custom Table Sign Design | Color Create Studio,"Tie the tablescape together with coordinated signage. Vivid color that reads across the room, wording that sounds great out loud, details guests reach out to...",Custom Table Sign Design - custom design service by Color Create Studio
custom-menu-card,Custom Menu Card Design,Custom Event Graphics,Custom Menu Card Design | Color Create Studio,"Elevated menu cards that make the spread feel like an event. Vivid color that reads across the room, wording that sounds great out loud, details guests reach...",Custom Menu Card Design - custom design service by Color Create Studio
custom-thank-you-card-event,Custom Thank-You Card Design,Custom Event Graphics,Custom Thank-You Card Design | Color Create Studio,"Send guests home remembered with a matching thank-you card. Vivid color that reads across the room, wording that sounds great out loud, details guests reach...",Custom Thank-You Card Design - custom design service by Color Create Studio
custom-itinerary-card,Custom Itinerary Card Design,Custom Event Graphics,Custom Itinerary Card Design | Color Create Studio,"Keep the day flowing with a beautiful at-a-glance itinerary. Vivid color that reads across the room, wording that sounds great out loud, details guests reach...",Custom Itinerary Card Design - custom design service by Color Create Studio
custom-party-game-card,Custom Party Game Card Design,Custom Event Graphics,Custom Party Game Card Design | Color Create Studio,"Custom game cards that get the whole room laughing and playing. Vivid color that reads across the room, wording that sounds great out loud, details guests...",Custom Party Game Card Design - custom design service by Color Create Studio
custom-milestone-board,Custom Milestone Board Design,Custom Event Graphics,Custom Milestone Board Design | Color Create Studio,"A keepsake board that tells the story from day one to today. Vivid color that reads across the room, wording that sounds great out loud, details guests reach...",Custom Milestone Board Design - custom design service by Color Create Studio
custom-birthday-board,Custom Birthday Board Design,Custom Event Graphics,Custom Birthday Board Design | Color Create Studio,"A statement birthday board built for the photo wall. Vivid color that reads across the room, wording that sounds great out loud, details guests reach out to...",Custom Birthday Board Design - custom design service by Color Create Studio
custom-graduation-board,Custom Graduation Board Design,Custom Event Graphics,Custom Graduation Board Design | Color Create Studio,"Showcase the journey with a proud, photo-ready graduation board. Vivid color that reads across the room, wording that sounds great out loud, details guests...",Custom Graduation Board Design - custom design service by Color Create Studio
custom-photo-collage-poster,Custom Photo Collage Poster,Custom Event Graphics,Custom Photo Collage Poster | Color Create Studio,"Your favorite memories, arranged into one striking poster. Vivid color that reads across the room, wording that sounds great out loud, details guests reach...",Custom Photo Collage Poster - custom design service by Color Create Studio
custom-event-poster,Custom Event Poster,Custom Event Graphics,Custom Event Poster | Color Create Studio,"A bold, large-format poster that markets your event everywhere it hangs. Vivid color that reads across the room, wording that sounds great out loud, details...",Custom Event Poster - custom design service by Color Create Studio
custom-digital-backdrop,Custom Digital Backdrop Design,Custom Event Graphics,Custom Digital Backdrop Design | Color Create Studio,"A custom step-and-repeat or themed backdrop for an unforgettable photo moment. Vivid color that reads across the room, wording that sounds great out loud...",Custom Digital Backdrop Design - custom design service by Color Create Studio
custom-printable-event-bundle,Custom Printable Event Bundle,Custom Event Graphics,Custom Printable Event Bundle | Color Create Studio,"Every printable your event needs in one coordinated, money-saving bundle - invites, signs, menus, favors, and more, all matching. One cohesive look your...",Custom Printable Event Bundle - bundle by Color Create Studio
custom-party-favor-design-package,Custom Party Favor Design Package,Custom Party Favor Designs,Custom Party Favor Design Package | Color Create Studio,"A fully matching set of favor designs - labels, wrappers, toppers, and tags - built around one theme so every little detail ties together.",Custom Party Favor Design Package - custom design service by Color Create Studio
custom-chip-bag-label,Custom Chip Bag Label Design,Custom Party Favor Designs,Custom Chip Bag Label Design | Color Create Studio,A chip bag design that makes the little things look high-end. Themed to match your party perfectly. Tiny details with big visual punch - the touches guests...,Custom Chip Bag Label Design - custom design service by Color Create Studio
custom-water-bottle-label,Custom Water Bottle Label Design,Custom Party Favor Designs,Custom Water Bottle Label Design | Color Create Studio,A water bottle label design that makes the little things look high-end. Themed to match your party perfectly. Tiny details with big visual punch - the...,Custom Water Bottle Label Design - custom design service by Color Create Studio
custom-juice-pouch-label,Custom Juice Pouch Label Design,Custom Party Favor Designs,Custom Juice Pouch Label Design | Color Create Studio,A juice pouch design that makes the little things look high-end. Themed to match your party perfectly. Tiny details with big visual punch - the touches...,Custom Juice Pouch Label Design - custom design service by Color Create Studio
custom-candy-bar-wrapper,Custom Candy Bar Wrapper Design,Custom Party Favor Designs,Custom Candy Bar Wrapper Design | Color Create Studio,A candy wrapper design that makes the little things look high-end. Themed to match your party perfectly. Tiny details with big visual punch - the touches...,Custom Candy Bar Wrapper Design - custom design service by Color Create Studio
custom-treat-bag-topper,Custom Treat Bag Topper Design,Custom Party Favor Designs,Custom Treat Bag Topper Design | Color Create Studio,A treat bag topper design that makes the little things look high-end. Themed to match your party perfectly. Tiny details with big visual punch - the touches...,Custom Treat Bag Topper Design - custom design service by Color Create Studio
custom-favor-tag,Custom Favor Tag Design,Custom Party Favor Designs,Custom Favor Tag Design | Color Create Studio,A favor tag design that makes the little things look high-end. Themed to match your party perfectly. Tiny details with big visual punch - the touches guests...,Custom Favor Tag Design - custom design service by Color Create Studio
custom-sticker-label,Custom Sticker Label Design,Custom Party Favor Designs,Custom Sticker Label Design | Color Create Studio,A sticker label design that makes the little things look high-end. Themed to match your party perfectly. Tiny details with big visual punch - the touches...,Custom Sticker Label Design - custom design service by Color Create Studio
custom-cake-topper,Custom Cake Topper Design,Custom Party Favor Designs,Custom Cake Topper Design | Color Create Studio,A cake topper design that makes the little things look high-end. Themed to match your party perfectly. Tiny details with big visual punch - the touches...,Custom Cake Topper Design - custom design service by Color Create Studio
custom-cupcake-topper,Custom Cupcake Topper Design,Custom Party Favor Designs,Custom Cupcake Topper Design | Color Create Studio,A cupcake topper design that makes the little things look high-end. Themed to match your party perfectly. Tiny details with big visual punch - the touches...,Custom Cupcake Topper Design - custom design service by Color Create Studio
custom-favor-box-label,Custom Favor Box Label Design,Custom Party Favor Designs,Custom Favor Box Label Design | Color Create Studio,A favor box design that makes the little things look high-end. Themed to match your party perfectly. Tiny details with big visual punch - the touches guests...,Custom Favor Box Label Design - custom design service by Color Create Studio
custom-thank-you-sticker,Custom Thank-You Sticker Design,Custom Party Favor Designs,Custom Thank-You Sticker Design | Color Create Studio,A thank you sticker design that makes the little things look high-end. Themed to match your party perfectly. Tiny details with big visual punch - the touches...,Custom Thank-You Sticker Design - custom design service by Color Create Studio
custom-party-activity-sheet,Custom Party Activity Sheet,Custom Party Favor Designs,Custom Party Activity Sheet | Color Create Studio,A themed activity sheet that keeps guests busy and entertained - personalized to your event.,Custom Party Activity Sheet - digital download by Color Create Studio
custom-kids-party-coloring-page,Custom Kids Party Coloring Page,Custom Party Favor Designs,Custom Kids Party Coloring Page | Color Create Studio,A custom coloring page matched to your party theme - the easy win that keeps little hands happy.,Custom Kids Party Coloring Page - digital download by Color Create Studio
custom-party-favor-assembly,Custom Party Favor Assembly Add-On,Custom Party Favor Designs,Custom Party Favor Assembly Add-On | Color Create Studio,"Let us assemble your favors for you - printed, cut, and put together so they arrive ready to hand out.",Custom Party Favor Assembly Add-On - add-on by Color Create Studio
custom-full-party-favor-bundle,Custom Full Party Favor Bundle,Custom Party Favor Designs,Custom Full Party Favor Bundle | Color Create Studio,"Every favor design you need, bundled and discounted - all matching, all yours.",Custom Full Party Favor Bundle - bundle by Color Create Studio
custom-memorial-design-package,Custom Memorial Design Package,Memorial & Tribute Design,Custom Memorial Design Package | Color Create Studio,"A complete, coordinated memorial suite handled with care - program, cards, signage, and keepsakes designed to honor a life beautifully. Dignified imagery...",Custom Memorial Design Package - custom design service by Color Create Studio
memorial-shirt,Memorial Shirt Design,Memorial & Tribute Design,Memorial Shirt Design | Color Create Studio,A memorial shirt created with warmth and respect to honor your loved one and comfort everyone who gathers.,Memorial Shirt Design - custom design service by Color Create Studio
celebration-of-life-flyer,Celebration of Life Flyer,Memorial & Tribute Design,Celebration of Life Flyer | Color Create Studio,A celebration of life created with warmth and respect to honor your loved one and comfort everyone who gathers.,Celebration of Life Flyer - custom design service by Color Create Studio
memorial-program,Memorial Program Design,Memorial & Tribute Design,Memorial Program Design | Color Create Studio,A memorial program created with warmth and respect to honor your loved one and comfort everyone who gathers.,Memorial Program Design - custom design service by Color Create Studio
memorial-prayer-card,Memorial Prayer Card Design,Memorial & Tribute Design,Memorial Prayer Card Design | Color Create Studio,A prayer card created with warmth and respect to honor your loved one and comfort everyone who gathers.,Memorial Prayer Card Design - custom design service by Color Create Studio
memorial-thank-you-card,Memorial Thank-You Card Design,Memorial & Tribute Design,Memorial Thank-You Card Design | Color Create Studio,A thank you card created with warmth and respect to honor your loved one and comfort everyone who gathers.,Memorial Thank-You Card Design - custom design service by Color Create Studio
memorial-photo-collage-poster,Memorial Photo Collage Poster,Memorial & Tribute Design,Memorial Photo Collage Poster | Color Create Studio,A photo collage created with warmth and respect to honor your loved one and comfort everyone who gathers.,Memorial Photo Collage Poster - custom design service by Color Create Studio
memorial-candle-label,Memorial Candle Label Design,Memorial & Tribute Design,Memorial Candle Label Design | Color Create Studio,A candle label created with warmth and respect to honor your loved one and comfort everyone who gathers.,Memorial Candle Label Design - custom design service by Color Create Studio
memorial-favor-tag,Memorial Favor Tag Design,Memorial & Tribute Design,Memorial Favor Tag Design | Color Create Studio,A favor tag created with warmth and respect to honor your loved one and comfort everyone who gathers.,Memorial Favor Tag Design - custom design service by Color Create Studio
memorial-keepsake-card,Memorial Keepsake Card Design,Memorial & Tribute Design,Memorial Keepsake Card Design | Color Create Studio,A keepsake created with warmth and respect to honor your loved one and comfort everyone who gathers.,Memorial Keepsake Card Design - custom design service by Color Create Studio
custom-tribute-illustration,Custom Tribute Illustration,Memorial & Tribute Design,Custom Tribute Illustration | Color Create Studio,A tribute illustration created with warmth and respect to honor your loved one and comfort everyone who gathers.,Custom Tribute Illustration - custom design service by Color Create Studio
memorial-social-announcement,Memorial Social Media Announcement,Memorial & Tribute Design,Memorial Social Media Announcement | Color Create Studio,A graceful announcement graphic to share service details with family and friends online.,Memorial Social Media Announcement - digital download by Color Create Studio
memorial-remembrance-coloring-page,Custom Remembrance Coloring Page,Memorial & Tribute Design,Custom Remembrance Coloring Page | Color Create Studio,A gentle coloring page that gives children - and adults - a quiet way to remember and process.,Custom Remembrance Coloring Page - digital download by Color Create Studio
small-business-design-starter-pack,Small Business Design Starter Pack,Business Design Services,Small Business Design Starter Pack | Color Create Studio,"Everything a new brand needs to look established overnight - flyer, business card, social templates, and a thank-you card, all matching your brand. A look...",Small Business Design Starter Pack - bundle by Color Create Studio
custom-business-flyer,Custom Business Flyer,Business Design Services,Custom Business Flyer | Color Create Studio,A polished flyer that makes your small business look like a big brand - on time and on point.,Custom Business Flyer - custom design service by Color Create Studio
custom-price-list,Custom Price List Design,Business Design Services,Custom Price List Design | Color Create Studio,A polished price list that makes your small business look like a big brand - on time and on point.,Custom Price List Design - custom design service by Color Create Studio
custom-service-menu,Custom Service Menu Design,Business Design Services,Custom Service Menu Design | Color Create Studio,A polished service menu that makes your small business look like a big brand - on time and on point.,Custom Service Menu Design - custom design service by Color Create Studio
custom-product-menu,Custom Product Menu Design,Business Design Services,Custom Product Menu Design | Color Create Studio,A polished product menu that makes your small business look like a big brand - on time and on point.,Custom Product Menu Design - custom design service by Color Create Studio
custom-business-thank-you-card,Custom Thank-You Card Design,Business Design Services,Custom Thank-You Card Design | Color Create Studio,A polished thank you card that makes your small business look like a big brand - on time and on point.,Custom Thank-You Card Design - custom design service by Color Create Studio
custom-business-card,Custom Business Card Design,Business Design Services,Custom Business Card Design | Color Create Studio,A polished business card that makes your small business look like a big brand - on time and on point.,Custom Business Card Design - custom design service by Color Create Studio
custom-product-launch-graphic,Custom Product Launch Graphic,Business Design Services,Custom Product Launch Graphic | Color Create Studio,A polished product launch that makes your small business look like a big brand - on time and on point.,Custom Product Launch Graphic - custom design service by Color Create Studio
custom-testimonial-graphic,Custom Testimonial Graphic,Business Design Services,Custom Testimonial Graphic | Color Create Studio,A polished testimonial that makes your small business look like a big brand - on time and on point.,Custom Testimonial Graphic - custom design service by Color Create Studio
custom-brand-announcement-graphic,Custom Brand Announcement Graphic,Business Design Services,Custom Brand Announcement Graphic | Color Create Studio,A polished announcement that makes your small business look like a big brand - on time and on point.,Custom Brand Announcement Graphic - custom design service by Color Create Studio
custom-product-mockup,Custom Product Mockup Design,Business Design Services,Custom Product Mockup Design | Color Create Studio,A polished mockup that makes your small business look like a big brand - on time and on point.,Custom Product Mockup Design - custom design service by Color Create Studio
custom-packaging-label,Custom Packaging Label Design,Business Design Services,Custom Packaging Label Design | Color Create Studio,A polished packaging that makes your small business look like a big brand - on time and on point.,Custom Packaging Label Design - custom design service by Color Create Studio
custom-digital-product-cover,Custom Digital Product Cover Design,Business Design Services,Custom Digital Product Cover Design | Color Create Studio,A polished cover that makes your small business look like a big brand - on time and on point.,Custom Digital Product Cover Design - custom design service by Color Create Studio
custom-ebook-workbook-cover,Custom E-book / Workbook Cover Design,Business Design Services,Custom E-book / Workbook Cover Design | Color Create Studio,A polished ebook cover that makes your small business look like a big brand - on time and on point.,Custom E-book / Workbook Cover Design - custom design service by Color Create Studio
custom-instagram-templates,Custom Instagram Post & Story Templates,Business Design Services,Custom Instagram Post & Story Templates | Color Create Studio,"Branded, editable Instagram templates so your feed and stories stay consistent and on-brand without starting from scratch every time. A scroll-stopping look...",Custom Instagram Post & Story Templates - canva editable template by Color Create Studio
custom-canva-business-template,Custom Canva Business Template,Business Design Services,Custom Canva Business Template | Color Create Studio,"A fully editable, on-brand Canva template built for your business so you can update and reuse it anytime.",Custom Canva Business Template - canva editable template by Color Create Studio
custom-brand-graphic-mini-pack,Custom Brand Graphic Mini Pack,Business Design Services,Custom Brand Graphic Mini Pack | Color Create Studio,"A small, mighty set of matching brand graphics to refresh your socials fast.",Custom Brand Graphic Mini Pack - bundle by Color Create Studio
social-media-visual-refresh,Social Media Visual Refresh Package,Business Design Services,Social Media Visual Refresh Package | Color Create Studio,"A full refresh of your social presence - cohesive templates, highlight covers, and post graphics that make your brand look brand new.",Social Media Visual Refresh Package - bundle by Color Create Studio
canva-invitation-template,Editable Canva Invitation Template,Canva Templates,Editable Canva Invitation Template | Color Create Studio,"A fully editable invitation Canva template - swap your text, colors, and photos in minutes and export print-ready. Instant download, edit forever. See it...",Editable Canva Invitation Template - canva editable template by Color Create Studio
canva-birthday-invitation-template,Editable Canva Birthday Invitation Template,Canva Templates,Editable Canva Birthday Invitation Template | Color Create Studio,"A fully editable birthday Canva template - swap your text, colors, and photos in minutes and export print-ready. Instant download, edit forever. See it come...",Editable Canva Birthday Invitation Template - canva editable template by Color Create Studio
canva-baby-shower-invitation-template,Editable Canva Baby Shower Invitation Template,Canva Templates,Editable Canva Baby Shower Invitation Template | Color Create Studio,"A fully editable baby shower Canva template - swap your text, colors, and photos in minutes and export print-ready. Instant download, edit forever. See it...",Editable Canva Baby Shower Invitation Template - canva editable template by Color Create Studio
canva-graduation-invitation-template,Editable Canva Graduation Invitation Template,Canva Templates,Editable Canva Graduation Invitation Template | Color Create Studio,"A fully editable graduation Canva template - swap your text, colors, and photos in minutes and export print-ready. Instant download, edit forever. See it...",Editable Canva Graduation Invitation Template - canva editable template by Color Create Studio
canva-memorial-flyer-template,Editable Canva Memorial Flyer Template,Canva Templates,Editable Canva Memorial Flyer Template | Color Create Studio,"A fully editable memorial Canva template - swap your text, colors, and photos in minutes and export print-ready. Instant download, edit forever. See it come...",Editable Canva Memorial Flyer Template - canva editable template by Color Create Studio
canva-party-flyer-template,Editable Canva Party Flyer Template,Canva Templates,Editable Canva Party Flyer Template | Color Create Studio,"A fully editable party flyer Canva template - swap your text, colors, and photos in minutes and export print-ready. Instant download, edit forever. See it...",Editable Canva Party Flyer Template - canva editable template by Color Create Studio
canva-welcome-sign-template,Editable Canva Welcome Sign Template,Canva Templates,Editable Canva Welcome Sign Template | Color Create Studio,"A fully editable welcome sign Canva template - swap your text, colors, and photos in minutes and export print-ready. Instant download, edit forever. See it...",Editable Canva Welcome Sign Template - canva editable template by Color Create Studio
canva-thank-you-card-template,Editable Canva Thank-You Card Template,Canva Templates,Editable Canva Thank-You Card Template | Color Create Studio,"A fully editable thank you card Canva template - swap your text, colors, and photos in minutes and export print-ready. Instant download, edit forever. See it...",Editable Canva Thank-You Card Template - canva editable template by Color Create Studio
canva-favor-tag-template,Editable Canva Favor Tag Template,Canva Templates,Editable Canva Favor Tag Template | Color Create Studio,"A fully editable favor tag Canva template - swap your text, colors, and photos in minutes and export print-ready. Instant download, edit forever. See it come...",Editable Canva Favor Tag Template - canva editable template by Color Create Studio
canva-party-game-template,Editable Canva Party Game Template,Canva Templates,Editable Canva Party Game Template | Color Create Studio,"A fully editable party game Canva template - swap your text, colors, and photos in minutes and export print-ready. Instant download, edit forever. See it...",Editable Canva Party Game Template - canva editable template by Color Create Studio
canva-itinerary-template,Editable Canva Itinerary Template,Canva Templates,Editable Canva Itinerary Template | Color Create Studio,"A fully editable itinerary Canva template - swap your text, colors, and photos in minutes and export print-ready. Instant download, edit forever. See it come...",Editable Canva Itinerary Template - canva editable template by Color Create Studio
canva-menu-card-template,Editable Canva Menu Card Template,Canva Templates,Editable Canva Menu Card Template | Color Create Studio,"A fully editable menu card Canva template - swap your text, colors, and photos in minutes and export print-ready. Instant download, edit forever. See it come...",Editable Canva Menu Card Template - canva editable template by Color Create Studio
canva-birthday-board-template,Editable Canva Birthday Board Template,Canva Templates,Editable Canva Birthday Board Template | Color Create Studio,"A fully editable birthday board Canva template - swap your text, colors, and photos in minutes and export print-ready. Instant download, edit forever. See it...",Editable Canva Birthday Board Template - canva editable template by Color Create Studio
canva-milestone-board-template,Editable Canva Milestone Board Template,Canva Templates,Editable Canva Milestone Board Template | Color Create Studio,"A fully editable milestone board Canva template - swap your text, colors, and photos in minutes and export print-ready. Instant download, edit forever. See...",Editable Canva Milestone Board Template - canva editable template by Color Create Studio
canva-graduation-board-template,Editable Canva Graduation Board Template,Canva Templates,Editable Canva Graduation Board Template | Color Create Studio,"A fully editable graduation board Canva template - swap your text, colors, and photos in minutes and export print-ready. Instant download, edit forever. See...",Editable Canva Graduation Board Template - canva editable template by Color Create Studio
canva-chip-bag-template,Editable Canva Chip Bag Template,Canva Templates,Editable Canva Chip Bag Template | Color Create Studio,"A fully editable chip bag Canva template - swap your text, colors, and photos in minutes and export print-ready. Instant download, edit forever. See it come...",Editable Canva Chip Bag Template - canva editable template by Color Create Studio
canva-water-bottle-label-template,Editable Canva Water Bottle Label Template,Canva Templates,Editable Canva Water Bottle Label Template | Color Create Studio,"A fully editable water bottle Canva template - swap your text, colors, and photos in minutes and export print-ready. Instant download, edit forever. See it...",Editable Canva Water Bottle Label Template - canva editable template by Color Create Studio
canva-juice-pouch-label-template,Editable Canva Juice Pouch Label Template,Canva Templates,Editable Canva Juice Pouch Label Template | Color Create Studio,"A fully editable juice pouch Canva template - swap your text, colors, and photos in minutes and export print-ready. Instant download, edit forever. See it...",Editable Canva Juice Pouch Label Template - canva editable template by Color Create Studio
canva-candy-wrapper-template,Editable Canva Candy Wrapper Template,Canva Templates,Editable Canva Candy Wrapper Template | Color Create Studio,"A fully editable candy wrapper Canva template - swap your text, colors, and photos in minutes and export print-ready. Instant download, edit forever. See it...",Editable Canva Candy Wrapper Template - canva editable template by Color Create Studio
canva-treat-bag-topper-template,Editable Canva Treat Bag Topper Template,Canva Templates,Editable Canva Treat Bag Topper Template | Color Create Studio,"A fully editable treat topper Canva template - swap your text, colors, and photos in minutes and export print-ready. Instant download, edit forever. See it...",Editable Canva Treat Bag Topper Template - canva editable template by Color Create Studio
canva-sticker-label-template,Editable Canva Sticker Label Template,Canva Templates,Editable Canva Sticker Label Template | Color Create Studio,"A fully editable sticker label Canva template - swap your text, colors, and photos in minutes and export print-ready. Instant download, edit forever. See it...",Editable Canva Sticker Label Template - canva editable template by Color Create Studio
canva-cake-topper-template,Editable Canva Cake Topper Template,Canva Templates,Editable Canva Cake Topper Template | Color Create Studio,"A fully editable cake topper Canva template - swap your text, colors, and photos in minutes and export print-ready. Instant download, edit forever. See it...",Editable Canva Cake Topper Template - canva editable template by Color Create Studio
canva-cupcake-topper-template,Editable Canva Cupcake Topper Template,Canva Templates,Editable Canva Cupcake Topper Template | Color Create Studio,"A fully editable cupcake topper Canva template - swap your text, colors, and photos in minutes and export print-ready. Instant download, edit forever. See it...",Editable Canva Cupcake Topper Template - canva editable template by Color Create Studio
canva-price-list-template,Editable Canva Price List Template,Canva Templates,Editable Canva Price List Template | Color Create Studio,"A fully editable price list Canva template - swap your text, colors, and photos in minutes and export print-ready. Instant download, edit forever. See it...",Editable Canva Price List Template - canva editable template by Color Create Studio
canva-service-menu-template,Editable Canva Service Menu Template,Canva Templates,Editable Canva Service Menu Template | Color Create Studio,"A fully editable service menu Canva template - swap your text, colors, and photos in minutes and export print-ready. Instant download, edit forever. See it...",Editable Canva Service Menu Template - canva editable template by Color Create Studio
canva-product-menu-template,Editable Canva Product Menu Template,Canva Templates,Editable Canva Product Menu Template | Color Create Studio,"A fully editable product menu Canva template - swap your text, colors, and photos in minutes and export print-ready. Instant download, edit forever. See it...",Editable Canva Product Menu Template - canva editable template by Color Create Studio
canva-business-flyer-template,Editable Canva Business Flyer Template,Canva Templates,Editable Canva Business Flyer Template | Color Create Studio,"A fully editable business flyer Canva template - swap your text, colors, and photos in minutes and export print-ready. Instant download, edit forever. See it...",Editable Canva Business Flyer Template - canva editable template by Color Create Studio
canva-instagram-post-template,Editable Canva Instagram Post Template,Canva Templates,Editable Canva Instagram Post Template | Color Create Studio,"A fully editable instagram post Canva template - swap your text, colors, and photos in minutes and export print-ready. Instant download, edit forever. See it...",Editable Canva Instagram Post Template - canva editable template by Color Create Studio
canva-instagram-story-template,Editable Canva Instagram Story Template,Canva Templates,Editable Canva Instagram Story Template | Color Create Studio,"A fully editable instagram story Canva template - swap your text, colors, and photos in minutes and export print-ready. Instant download, edit forever. See...",Editable Canva Instagram Story Template - canva editable template by Color Create Studio
canva-product-launch-template,Editable Canva Product Launch Template,Canva Templates,Editable Canva Product Launch Template | Color Create Studio,"A fully editable product launch Canva template - swap your text, colors, and photos in minutes and export print-ready. Instant download, edit forever. See it...",Editable Canva Product Launch Template - canva editable template by Color Create Studio
canva-testimonial-template,Editable Canva Testimonial Template,Canva Templates,Editable Canva Testimonial Template | Color Create Studio,"A fully editable testimonial Canva template - swap your text, colors, and photos in minutes and export print-ready. Instant download, edit forever. See it...",Editable Canva Testimonial Template - canva editable template by Color Create Studio
canva-coloring-page-template,Editable Canva Coloring Page Template,Canva Templates,Editable Canva Coloring Page Template | Color Create Studio,"A fully editable coloring page Canva template - swap your text, colors, and photos in minutes and export print-ready. Instant download, edit forever. See it...",Editable Canva Coloring Page Template - canva editable template by Color Create Studio
canva-activity-page-template,Editable Canva Activity Page Template,Canva Templates,Editable Canva Activity Page Template | Color Create Studio,"A fully editable activity page Canva template - swap your text, colors, and photos in minutes and export print-ready. Instant download, edit forever. See it...",Editable Canva Activity Page Template - canva editable template by Color Create Studio
canva-journal-page-template,Editable Canva Journal Page Template,Canva Templates,Editable Canva Journal Page Template | Color Create Studio,"A fully editable journal page Canva template - swap your text, colors, and photos in minutes and export print-ready. Instant download, edit forever. See it...",Editable Canva Journal Page Template - canva editable template by Color Create Studio
canva-planner-page-template,Editable Canva Planner Page Template,Canva Templates,Editable Canva Planner Page Template | Color Create Studio,"A fully editable planner page Canva template - swap your text, colors, and photos in minutes and export print-ready. Instant download, edit forever. See it...",Editable Canva Planner Page Template - canva editable template by Color Create Studio
canva-affirmation-card-template,Editable Canva Affirmation Card Template,Canva Templates,Editable Canva Affirmation Card Template | Color Create Studio,"A fully editable affirmation card Canva template - swap your text, colors, and photos in minutes and export print-ready. Instant download, edit forever. See...",Editable Canva Affirmation Card Template - canva editable template by Color Create Studio
canva-sticker-sheet-template,Editable Canva Sticker Sheet Template,Canva Templates,Editable Canva Sticker Sheet Template | Color Create Studio,"A fully editable sticker sheet Canva template - swap your text, colors, and photos in minutes and export print-ready. Instant download, edit forever. See it...",Editable Canva Sticker Sheet Template - canva editable template by Color Create Studio
canva-workbook-template,Editable Canva Workbook Template,Canva Templates,Editable Canva Workbook Template | Color Create Studio,"A fully editable workbook Canva template - swap your text, colors, and photos in minutes and export print-ready. Instant download, edit forever. See it come...",Editable Canva Workbook Template - canva editable template by Color Create Studio
canva-party-favor-bundle-template,Editable Canva Party Favor Bundle Template,Canva Templates,Editable Canva Party Favor Bundle Template | Color Create Studio,"A money-saving bundle of editable party favor Canva templates - everything matching, everything reusable.",Editable Canva Party Favor Bundle Template - canva editable template by Color Create Studio
canva-business-starter-bundle-template,Editable Canva Business Starter Template Bundle,Canva Templates,Editable Canva Business Starter Template Bundle | Color Create Studio,"A money-saving bundle of editable business Canva templates - everything matching, everything reusable.",Editable Canva Business Starter Template Bundle - canva editable template by Color Create Studio
canva-digital-product-bundle-template,Editable Canva Digital Product Template Bundle,Canva Templates,Editable Canva Digital Product Template Bundle | Color Create Studio,"A money-saving bundle of editable digital product Canva templates - everything matching, everything reusable.",Editable Canva Digital Product Template Bundle - canva editable template by Color Create Studio
fulfill-invitation-set,Invitation Set,Print + Ship,Invitation Set | Color Create Studio,"Your invitation, your way. Get the finished design delivered digitally to print yourself, or let us print and ship the done-for-you product straight to your...",Invitation Set - print + ship product by Color Create Studio
fulfill-thank-you-cards,Thank-You Cards,Print + Ship,Thank-You Cards | Color Create Studio,"Your thank you card, your way. Get the finished design delivered digitally to print yourself, or let us print and ship the done-for-you product straight to...",Thank-You Cards - print + ship product by Color Create Studio
fulfill-welcome-sign,Welcome Sign,Print + Ship,Welcome Sign | Color Create Studio,"Your welcome sign, your way. Get the finished design delivered digitally to print yourself, or let us print and ship the done-for-you product straight to...",Welcome Sign - print + ship product by Color Create Studio
fulfill-party-signs,Party Signs,Print + Ship,Party Signs | Color Create Studio,"Your party sign, your way. Get the finished design delivered digitally to print yourself, or let us print and ship the done-for-you product straight to your...",Party Signs - print + ship product by Color Create Studio
fulfill-party-game-cards,Party Game Cards,Print + Ship,Party Game Cards | Color Create Studio,"Your party game, your way. Get the finished design delivered digitally to print yourself, or let us print and ship the done-for-you product straight to your...",Party Game Cards - print + ship product by Color Create Studio
fulfill-favor-tags,Favor Tags,Print + Ship,Favor Tags | Color Create Studio,"Your favor tag, your way. Get the finished design delivered digitally to print yourself, or let us print and ship the done-for-you product straight to your...",Favor Tags - print + ship product by Color Create Studio
fulfill-sticker-labels,Sticker Labels,Print + Ship,Sticker Labels | Color Create Studio,"Your sticker label, your way. Get the finished design delivered digitally to print yourself, or let us print and ship the done-for-you product straight to...",Sticker Labels - print + ship product by Color Create Studio
fulfill-party-favor-labels,Party Favor Labels,Print + Ship,Party Favor Labels | Color Create Studio,"Your favor label, your way. Get the finished design delivered digitally to print yourself, or let us print and ship the done-for-you product straight to your...",Party Favor Labels - print + ship product by Color Create Studio
fulfill-chip-bag-labels,Chip Bag Labels,Print + Ship,Chip Bag Labels | Color Create Studio,"Your chip bag, your way. Get the finished design delivered digitally to print yourself, or let us print and ship the done-for-you product straight to your...",Chip Bag Labels - print + ship product by Color Create Studio
fulfill-water-bottle-labels,Water Bottle Labels,Print + Ship,Water Bottle Labels | Color Create Studio,"Your water bottle, your way. Get the finished design delivered digitally to print yourself, or let us print and ship the done-for-you product straight to...",Water Bottle Labels - print + ship product by Color Create Studio
fulfill-juice-pouch-labels,Juice Pouch Labels,Print + Ship,Juice Pouch Labels | Color Create Studio,"Your juice pouch, your way. Get the finished design delivered digitally to print yourself, or let us print and ship the done-for-you product straight to your...",Juice Pouch Labels - print + ship product by Color Create Studio
fulfill-candy-wrappers,Candy Wrappers,Print + Ship,Candy Wrappers | Color Create Studio,"Your candy wrapper, your way. Get the finished design delivered digitally to print yourself, or let us print and ship the done-for-you product straight to...",Candy Wrappers - print + ship product by Color Create Studio
fulfill-custom-posters,Custom Posters,Print + Ship,Custom Posters | Color Create Studio,"Your poster, your way. Get the finished design delivered digitally to print yourself, or let us print and ship the done-for-you product straight to your...",Custom Posters - print + ship product by Color Create Studio
fulfill-memorial-cards,Memorial Cards,Print + Ship,Memorial Cards | Color Create Studio,"Your memorial card, your way. Get the finished design delivered digitally to print yourself, or let us print and ship the done-for-you product straight to...",Memorial Cards - print + ship product by Color Create Studio
fulfill-business-cards,Business Cards,Print + Ship,Business Cards | Color Create Studio,"Your business card, your way. Get the finished design delivered digitally to print yourself, or let us print and ship the done-for-you product straight to...",Business Cards - print + ship product by Color Create Studio
fulfill-business-flyers,Business Flyers,Print + Ship,Business Flyers | Color Create Studio,"Your business flyer, your way. Get the finished design delivered digitally to print yourself, or let us print and ship the done-for-you product straight to...",Business Flyers - print + ship product by Color Create Studio
fulfill-stickers,Stickers,Print + Ship,Stickers | Color Create Studio,"Your sticker, your way. Get the finished design delivered digitally to print yourself, or let us print and ship the done-for-you product straight to your...",Stickers - print + ship product by Color Create Studio
fulfill-sticker-sheets,Sticker Sheets,Print + Ship,Sticker Sheets | Color Create Studio,"Your sticker sheet, your way. Get the finished design delivered digitally to print yourself, or let us print and ship the done-for-you product straight to...",Sticker Sheets - print + ship product by Color Create Studio
fulfill-shirts,Custom Shirts,Print + Ship,Custom Shirts | Color Create Studio,"Your shirt, your way. Get the finished design delivered digitally to print yourself, or let us print and ship the done-for-you product straight to your door...",Custom Shirts - print + ship product by Color Create Studio
fulfill-handmade-books,Handmade Books,Print + Ship,Handmade Books | Color Create Studio,"Your handmade book, your way. Get the finished design delivered digitally to print yourself, or let us print and ship the done-for-you product straight to...",Handmade Books - print + ship product by Color Create Studio
fulfill-journals,Journals,Print + Ship,Journals | Color Create Studio,"Your journal, your way. Get the finished design delivered digitally to print yourself, or let us print and ship the done-for-you product straight to your...",Journals - print + ship product by Color Create Studio
fulfill-coloring-books,Coloring Books,Print + Ship,Coloring Books | Color Create Studio,"Your coloring book, your way. Get the finished design delivered digitally to print yourself, or let us print and ship the done-for-you product straight to...",Coloring Books - print + ship product by Color Create Studio
fulfill-activity-books,Activity Books,Print + Ship,Activity Books | Color Create Studio,"Your activity book, your way. Get the finished design delivered digitally to print yourself, or let us print and ship the done-for-you product straight to...",Activity Books - print + ship product by Color Create Studio
digital-printable-bundle-send,Digital Printable Bundle + Send,Digital Print + Send,Digital Printable Bundle + Send | Color Create Studio,"A full set of coordinated printables delivered digitally - print at home, print anywhere.",Digital Printable Bundle + Send - bundle by Color Create Studio
print-ship-event-bundle,Print + Ship Event Bundle,Print + Ship,Print + Ship Event Bundle | Color Create Studio,"The whole event, printed and shipped to you - invites, signs, favors, and more, done for you.",Print + Ship Event Bundle - bundle by Color Create Studio
print-ship-creative-bundle,Print + Ship Creative Bundle,Print + Ship,Print + Ship Creative Bundle | Color Create Studio,"A mix of our handmade creative products, printed, bound, and shipped ready to enjoy or gift.",Print + Ship Creative Bundle - bundle by Color Create Studio
nova-lai-sweet-squad-starter-pack,Nova Lai Sweet Squad Starter Pack,Nova Lai Kids Collection,Nova Lai Sweet Squad Starter Pack | Color Create Studio,"The sweetest way to meet the Nova Lai world - a starter pack of coloring, activities, and characters kids fall in love with. Bright candy colors to see...",Nova Lai Sweet Squad Starter Pack - handmade physical product by Color Create Studio
nova-lai-sweet-treats-coloring-book,Nova Lai Sweet Treats Coloring Book,Nova Lai Kids Collection,Nova Lai Sweet Treats Coloring Book | Color Create Studio,"A Nova Lai coloring book packed with screen-free fun - bold, easy, and made to keep kids creating for hours.",Nova Lai Sweet Treats Coloring Book - handmade physical product by Color Create Studio
nova-lai-sweet-treats-activity-pack,Nova Lai Sweet Treats Activity Pack,Nova Lai Kids Collection,Nova Lai Sweet Treats Activity Pack | Color Create Studio,"A Nova Lai activity pack packed with screen-free fun - bold, easy, and made to keep kids creating for hours.",Nova Lai Sweet Treats Activity Pack - handmade physical product by Color Create Studio
the-fun-files-activity-book,The Fun Files Activity Book,Nova Lai Kids Collection,The Fun Files Activity Book | Color Create Studio,"A Nova Lai activity book packed with screen-free fun - bold, easy, and made to keep kids creating for hours.",The Fun Files Activity Book - handmade physical product by Color Create Studio
word-on-the-street-activity-book,Word on the Street Activity Book,Nova Lai Kids Collection,Word on the Street Activity Book | Color Create Studio,"A Nova Lai activity book packed with screen-free fun - bold, easy, and made to keep kids creating for hours.",Word on the Street Activity Book - handmade physical product by Color Create Studio
snack-attack-activity-book,Snack Attack Activity Book,Nova Lai Kids Collection,Snack Attack Activity Book | Color Create Studio,"A Nova Lai activity book packed with screen-free fun - bold, easy, and made to keep kids creating for hours.",Snack Attack Activity Book - handmade physical product by Color Create Studio
custom-kids-coloring-page,Custom Kids Coloring Page,Nova Lai Kids Collection,Custom Kids Coloring Page | Color Create Studio,"A personalized coloring page made just for your child - their name, their theme, their imagination. Their name in big bold letters, a story you read...",Custom Kids Coloring Page - personalized product by Color Create Studio
custom-kids-activity-sheet,Custom Kids Activity Sheet,Nova Lai Kids Collection,Custom Kids Activity Sheet | Color Create Studio,"A personalized activity sheet made just for your child - their name, their theme, their imagination. Their name in big bold letters, a story you read...",Custom Kids Activity Sheet - personalized product by Color Create Studio
personalized-name-coloring-page,Personalized Name Coloring Page,Nova Lai Kids Collection,Personalized Name Coloring Page | Color Create Studio,"A personalized name page made just for your child - their name, their theme, their imagination. Their name in big bold letters, a story you read together...",Personalized Name Coloring Page - personalized product by Color Create Studio
custom-kids-birthday-activity-pack,Custom Kids Birthday Activity Pack,Nova Lai Kids Collection,Custom Kids Birthday Activity Pack | Color Create Studio,"A custom birthday activity pack designed to keep kids engaged, learning, and away from screens.",Custom Kids Birthday Activity Pack - digital download by Color Create Studio
custom-classroom-activity-pack,Custom Classroom Activity Pack,Nova Lai Kids Collection,Custom Classroom Activity Pack | Color Create Studio,"A custom classroom activity pack designed to keep kids engaged, learning, and away from screens.",Custom Classroom Activity Pack - digital download by Color Create Studio
custom-homeschool-activity-pack,Custom Homeschool Activity Pack,Nova Lai Kids Collection,Custom Homeschool Activity Pack | Color Create Studio,"A custom homeschool activity pack designed to keep kids engaged, learning, and away from screens.",Custom Homeschool Activity Pack - digital download by Color Create Studio
custom-screen-free-activity-bundle,Custom Screen-Free Activity Bundle,Nova Lai Kids Collection,Custom Screen-Free Activity Bundle | Color Create Studio,"A custom screen-free activity pack designed to keep kids engaged, learning, and away from screens.",Custom Screen-Free Activity Bundle - digital download by Color Create Studio
personalized-kids-coloring-book,Personalized Kids Coloring Book,Nova Lai Kids Collection,Personalized Kids Coloring Book | Color Create Studio,A whole coloring book starring your child - personalized pages they'll be obsessed with.,Personalized Kids Coloring Book - personalized product by Color Create Studio
top-bound-kids-activity-book,Top-Bound Kids Activity Book,Nova Lai Kids Collection,Top-Bound Kids Activity Book | Color Create Studio,A premium top-bound activity book built for little hands and big imaginations.,Top-Bound Kids Activity Book - handmade physical product by Color Create Studio
my-imagination-is-mia,My Imagination Is M.I.A.,Children's Story Books,My Imagination Is M.I.A. | Color Create Studio,"A heartfelt story that reignites a child's imagination when it goes missing - a modern classic about creativity and wonder. Rich illustrations to gaze at, a...",My Imagination Is M.I.A. - handmade physical product by Color Create Studio
the-river-of-plenty,The River of Plenty,Children's Story Books,The River of Plenty | Color Create Studio,"A beautiful tale of abundance and gratitude that teaches children there is always more than enough. Lush riverside art, a soothing read-aloud cadence, a...",The River of Plenty - handmade physical product by Color Create Studio
personalized-childrens-story-book,Personalized Children's Story Book,Children's Story Books,Personalized Children's Story Book | Color Create Studio,"Make your child the hero of their own story - personalized name, look, and adventure in a keepsake book. Their face on the page, their name in the story, a...",Personalized Children's Story Book - personalized product by Color Create Studio
custom-childrens-story-writing,Custom Children's Story Book Writing Package,Children's Story Books,Custom Children's Story Book Writing Package | Color Create Studio,"Professional children's book writing - we bring your story to life with craft, heart, and publish-ready quality.",Custom Children's Story Book Writing Package - custom design service by Color Create Studio
custom-childrens-story-illustration,Custom Children's Story Book Illustration Package,Children's Story Books,Custom Children's Story Book Illustration Package | Color Create Studi,"Professional children's book illustration - we bring your story to life with craft, heart, and publish-ready quality.",Custom Children's Story Book Illustration Package - custom design service by Color Create Studio
custom-childrens-story-design-layout,Custom Children's Story Book Design + Layout,Children's Story Books,Custom Children's Story Book Design + Layout | Color Create Studio,"Professional children's book layout - we bring your story to life with craft, heart, and publish-ready quality.",Custom Children's Story Book Design + Layout - custom design service by Color Create Studio
childrens-book-cover-design,Children's Book Cover Design,Children's Story Books,Children's Book Cover Design | Color Create Studio,"Professional children's book cover - we bring your story to life with craft, heart, and publish-ready quality.",Children's Book Cover Design - custom design service by Color Create Studio
childrens-book-interior-formatting,Children's Book Interior Formatting,Children's Story Books,Children's Book Interior Formatting | Color Create Studio,"Professional children's book formatting - we bring your story to life with craft, heart, and publish-ready quality.",Children's Book Interior Formatting - custom design service by Color Create Studio
childrens-story-character-sheet,Children's Story Book Character Sheet,Children's Story Books,Children's Story Book Character Sheet | Color Create Studio,"Professional children's book character - we bring your story to life with craft, heart, and publish-ready quality.",Children's Story Book Character Sheet - custom design service by Color Create Studio
childrens-story-scene-reference,Children's Story Book Scene Reference Package,Children's Story Books,Children's Story Book Scene Reference Package | Color Create Studio,"Professional children's book scene - we bring your story to life with craft, heart, and publish-ready quality.",Children's Story Book Scene Reference Package - custom design service by Color Create Studio
childrens-story-companion-activity,Children's Story Book Companion Activity Pack,Children's Story Books,Children's Story Book Companion Activity Pack | Color Create Studio,A activity companion that extends the story off the page.,Children's Story Book Companion Activity Pack - digital download by Color Create Studio
childrens-story-coloring-add-on,Children's Story Book Coloring Page Add-On,Children's Story Books,Children's Story Book Coloring Page Add-On | Color Create Studio,A coloring companion that extends the story off the page.,Children's Story Book Coloring Page Add-On - digital download by Color Create Studio
childrens-story-worksheet-add-on,Children's Story Book Printable Worksheet Add-On,Children's Story Books,Children's Story Book Printable Worksheet Add-On | Color Create Studio,A worksheet companion that extends the story off the page.,Children's Story Book Printable Worksheet Add-On - digital download by Color Create Studio
father-daughter-story-collection,Father-Daughter Story Book Collection,Children's Story Books,Father-Daughter Story Book Collection | Color Create Studio,"A father-daughter story collection made to be treasured, gifted, and read again and again.",Father-Daughter Story Book Collection - bundle by Color Create Studio
abundance-gratitude-story-collection,Abundance & Gratitude Story Book Collection,Children's Story Books,Abundance & Gratitude Story Book Collection | Color Create Studio,"A abundance story collection made to be treasured, gifted, and read again and again.",Abundance & Gratitude Story Book Collection - bundle by Color Create Studio
imagination-creativity-story-collection,Imagination & Creativity Story Book Collection,Children's Story Books,Imagination & Creativity Story Book Collection | Color Create Studio,"A imagination story collection made to be treasured, gifted, and read again and again.",Imagination & Creativity Story Book Collection - bundle by Color Create Studio
custom-bedtime-story-gift-book,Custom Bedtime Story Gift Book,Children's Story Books,Custom Bedtime Story Gift Book | Color Create Studio,"A bedtime gift story collection made to be treasured, gifted, and read again and again.",Custom Bedtime Story Gift Book - bundle by Color Create Studio
trap-n-chill-coloring-activity-book,Trap N' Chill Coloring & Activity Book,Trap N' Chill Adult Collection,Trap N' Chill Coloring & Activity Book | Color Create Studio,"Trap N' Chill coloring & activity - bold-and-easy adult coloring and activities made to help you unwind, laugh, and vibe. High-contrast art easy on the eyes...",Trap N' Chill Coloring & Activity Book - handmade physical product by Color Create Studio
beauty-glam-coloring-activity-book,Beauty & Glam Coloring & Activity Book,Trap N' Chill Adult Collection,Beauty & Glam Coloring & Activity Book | Color Create Studio,"Trap N' Chill beauty & glam - bold-and-easy adult coloring and activities made to help you unwind, laugh, and vibe. High-contrast art easy on the eyes, a...",Beauty & Glam Coloring & Activity Book - handmade physical product by Color Create Studio
sweet-treats-adult-coloring-book,Sweet Treats Adult Coloring & Activity Book,Trap N' Chill Adult Collection,Sweet Treats Adult Coloring & Activity Book | Color Create Studio,"Trap N' Chill sweet treats - bold-and-easy adult coloring and activities made to help you unwind, laugh, and vibe. High-contrast art easy on the eyes, a...",Sweet Treats Adult Coloring & Activity Book - handmade physical product by Color Create Studio
zaza-and-chill-activity-pack,ZaZa and Chill Activity Pack,Trap N' Chill Adult Collection,ZaZa and Chill Activity Pack | Color Create Studio,"Trap N' Chill zaza & chill - bold-and-easy adult coloring and activities made to help you unwind, laugh, and vibe. High-contrast art easy on the eyes, a...",ZaZa and Chill Activity Pack - handmade physical product by Color Create Studio
midnight-munchies-coloring-book,Midnight Munchies Coloring & Activity Book,Trap N' Chill Adult Collection,Midnight Munchies Coloring & Activity Book | Color Create Studio,"Trap N' Chill midnight munchies - bold-and-easy adult coloring and activities made to help you unwind, laugh, and vibe. High-contrast art easy on the eyes, a...",Midnight Munchies Coloring & Activity Book - handmade physical product by Color Create Studio
sentence-enhancers-activity-book,Sentence Enhancers Adult Activity Book,Trap N' Chill Adult Collection,Sentence Enhancers Adult Activity Book | Color Create Studio,"Trap N' Chill sentence enhancers - bold-and-easy adult coloring and activities made to help you unwind, laugh, and vibe. High-contrast art easy on the eyes...",Sentence Enhancers Adult Activity Book - handmade physical product by Color Create Studio
trap-n-chill-sticker-sheet,Trap N' Chill Sticker Sheet,Trap N' Chill Adult Collection,Trap N' Chill Sticker Sheet | Color Create Studio,"A Trap N' Chill sticker pack to add to your self-care lineup - good vibes, bold design.",Trap N' Chill Sticker Sheet - print + ship product by Color Create Studio
trap-n-chill-mystery-sticker-pack,Trap N' Chill Mystery Sticker Pack,Trap N' Chill Adult Collection,Trap N' Chill Mystery Sticker Pack | Color Create Studio,"A Trap N' Chill mystery sticker pack to add to your self-care lineup - good vibes, bold design.",Trap N' Chill Mystery Sticker Pack - print + ship product by Color Create Studio
trap-n-chill-affirmation-cards,Trap N' Chill Affirmation Cards,Trap N' Chill Adult Collection,Trap N' Chill Affirmation Cards | Color Create Studio,"A Trap N' Chill affirmation pack to add to your self-care lineup - good vibes, bold design.",Trap N' Chill Affirmation Cards - print + ship product by Color Create Studio
trap-n-chill-printable-ritual-pack,Trap N' Chill Printable Ritual Pack,Trap N' Chill Adult Collection,Trap N' Chill Printable Ritual Pack | Color Create Studio,"A Trap N' Chill ritual pack to add to your self-care lineup - good vibes, bold design.",Trap N' Chill Printable Ritual Pack - digital download by Color Create Studio
trap-n-chill-girls-night-bundle,Trap N' Chill Girls Night In Bundle,Trap N' Chill Adult Collection,Trap N' Chill Girls Night In Bundle | Color Create Studio,"The Trap N' Chill girls night bundle - everything you need to relax, create, and treat yourself, all in one.",Trap N' Chill Girls Night In Bundle - bundle by Color Create Studio
trap-n-chill-baddie-bundle,Trap N' Chill Baddie Bundle,Trap N' Chill Adult Collection,Trap N' Chill Baddie Bundle | Color Create Studio,"The Trap N' Chill baddie bundle - everything you need to relax, create, and treat yourself, all in one.",Trap N' Chill Baddie Bundle - bundle by Color Create Studio
trap-n-chill-self-care-bundle,Trap N' Chill Self-Care Bundle,Trap N' Chill Adult Collection,Trap N' Chill Self-Care Bundle | Color Create Studio,"The Trap N' Chill self-care bundle - everything you need to relax, create, and treat yourself, all in one.",Trap N' Chill Self-Care Bundle - bundle by Color Create Studio
trap-n-chill-coloring-party-pack,Trap N' Chill Coloring Party Pack,Trap N' Chill Adult Collection,Trap N' Chill Coloring Party Pack | Color Create Studio,"The Trap N' Chill coloring party bundle - everything you need to relax, create, and treat yourself, all in one.",Trap N' Chill Coloring Party Pack - bundle by Color Create Studio
trap-n-chill-digital-starter-pack,Trap N' Chill Digital Starter Pack,Trap N' Chill Adult Collection,Trap N' Chill Digital Starter Pack | Color Create Studio,"The Trap N' Chill digital starter bundle - everything you need to relax, create, and treat yourself, all in one.",Trap N' Chill Digital Starter Pack - bundle by Color Create Studio
trap-n-chill-premium-gift-bundle,Trap N' Chill Premium Gift Bundle,Trap N' Chill Adult Collection,Trap N' Chill Premium Gift Bundle | Color Create Studio,"The Trap N' Chill premium gift bundle - everything you need to relax, create, and treat yourself, all in one.",Trap N' Chill Premium Gift Bundle - bundle by Color Create Studio
dreamland-self-care-manifestation-book,Dreamland Self-Care & Manifestation Activity Book,Dreamland / Manifestation Collection,Dreamland Self-Care & Manifestation Activity Book | Color Create Studi,"Dream it, write it, color it into being - a self-care and manifestation activity book that turns intention into ritual. Dreamy visuals to focus on...",Dreamland Self-Care & Manifestation Activity Book - handmade physical product by Color Create Studio
made-you-wish-manifestation-book,Made You Wish Manifestation Activity Book,Dreamland / Manifestation Collection,Made You Wish Manifestation Activity Book | Color Create Studio,"A playful, powerful manifestation activity book that makes wishing on purpose a daily habit.",Made You Wish Manifestation Activity Book - handmade physical product by Color Create Studio
be-you-creatively-journal,Be-You-Creatively Self-Care Discovery Journal,Dreamland / Manifestation Collection,Be-You-Creatively Self-Care Discovery Journal | Color Create Studio,A guided discovery journal that helps you reconnect with who you are through creativity and self-care.,Be-You-Creatively Self-Care Discovery Journal - handmade physical product by Color Create Studio
the-golden-loop-reflection-journal,The Golden Loop Reflection Journal,Dreamland / Manifestation Collection,The Golden Loop Reflection Journal | Color Create Studio,"A reflection journal built on a simple golden loop - notice, reflect, grow - day after day.",The Golden Loop Reflection Journal - handmade physical product by Color Create Studio
dreamland-printable-pages,Dreamland Printable Pages,Dreamland / Manifestation Collection,Dreamland Printable Pages | Color Create Studio,A Dreamland printable to keep your manifestation practice flowing.,Dreamland Printable Pages - digital download by Color Create Studio
dreamland-affirmation-cards,Dreamland Affirmation Cards,Dreamland / Manifestation Collection,Dreamland Affirmation Cards | Color Create Studio,A Dreamland affirmation to keep your manifestation practice flowing.,Dreamland Affirmation Cards - print + ship product by Color Create Studio
dreamland-soft-life-bingo,Dreamland Soft Life Bingo Printable,Dreamland / Manifestation Collection,Dreamland Soft Life Bingo Printable | Color Create Studio,A Dreamland bingo to keep your manifestation practice flowing.,Dreamland Soft Life Bingo Printable - digital download by Color Create Studio
dreamland-self-care-worksheet-pack,Dreamland Self-Care Worksheet Pack,Dreamland / Manifestation Collection,Dreamland Self-Care Worksheet Pack | Color Create Studio,A Dreamland worksheet to keep your manifestation practice flowing.,Dreamland Self-Care Worksheet Pack - digital download by Color Create Studio
dreamland-manifestation-activity-pack,Dreamland Manifestation Activity Pack,Dreamland / Manifestation Collection,Dreamland Manifestation Activity Pack | Color Create Studio,A Dreamland activity to keep your manifestation practice flowing.,Dreamland Manifestation Activity Pack - digital download by Color Create Studio
dreamland-sticker-sheet,Dreamland Sticker Sheet,Dreamland / Manifestation Collection,Dreamland Sticker Sheet | Color Create Studio,A Dreamland sticker to keep your manifestation practice flowing.,Dreamland Sticker Sheet - print + ship product by Color Create Studio
dreamland-gift-bundle,Dreamland Gift Bundle,Dreamland / Manifestation Collection,Dreamland Gift Bundle | Color Create Studio,"The Dreamland gift bundle - a complete manifestation experience, beautifully boxed in value.",Dreamland Gift Bundle - bundle by Color Create Studio
dreamland-trilogy-bundle,Dreamland Trilogy Bundle,Dreamland / Manifestation Collection,Dreamland Trilogy Bundle | Color Create Studio,"The Dreamland trilogy bundle - a complete manifestation experience, beautifully boxed in value.",Dreamland Trilogy Bundle - bundle by Color Create Studio
dreamland-manifestation-bundle,Dreamland Manifestation Bundle,Dreamland / Manifestation Collection,Dreamland Manifestation Bundle | Color Create Studio,"The Dreamland manifestation bundle - a complete manifestation experience, beautifully boxed in value.",Dreamland Manifestation Bundle - bundle by Color Create Studio
she-is-me-i-am-her-journal,"She Is Me, I Am Her Journal",Journals & Workbooks,"She Is Me, I Am Her Journal | Color Create Studio","A guided identity journal that turns daily pages into real change - prompts that push, space that frees. A cover you're proud to display, prompts that sound...","She Is Me, I Am Her Journal - handmade physical product by Color Create Studio"
30-day-self-trust-journal,30-Day Self-Trust Journal,Journals & Workbooks,30-Day Self-Trust Journal | Color Create Studio,"A guided self-trust journal that turns daily pages into real change - prompts that push, space that frees. A cover you're proud to display, prompts that...",30-Day Self-Trust Journal - handmade physical product by Color Create Studio
30-day-manifestation-journal,30-Day Manifestation Journal,Journals & Workbooks,30-Day Manifestation Journal | Color Create Studio,"A guided manifestation journal that turns daily pages into real change - prompts that push, space that frees. A cover you're proud to display, prompts that...",30-Day Manifestation Journal - handmade physical product by Color Create Studio
self-worth-journal,Self-Worth Journal,Journals & Workbooks,Self-Worth Journal | Color Create Studio,"A guided self-worth journal that turns daily pages into real change - prompts that push, space that frees. A cover you're proud to display, prompts that...",Self-Worth Journal - handmade physical product by Color Create Studio
confidence-journal,Confidence Journal,Journals & Workbooks,Confidence Journal | Color Create Studio,"A guided confidence journal that turns daily pages into real change - prompts that push, space that frees. A cover you're proud to display, prompts that...",Confidence Journal - handmade physical product by Color Create Studio
money-mindset-journal,Money Mindset Journal,Journals & Workbooks,Money Mindset Journal | Color Create Studio,"A guided money mindset journal that turns daily pages into real change - prompts that push, space that frees. A cover you're proud to display, prompts that...",Money Mindset Journal - handmade physical product by Color Create Studio
boundary-era-journal,Boundary Era Journal,Journals & Workbooks,Boundary Era Journal | Color Create Studio,"A guided boundaries journal that turns daily pages into real change - prompts that push, space that frees. A cover you're proud to display, prompts that...",Boundary Era Journal - handmade physical product by Color Create Studio
main-character-money-journal,Main Character Money Journal,Journals & Workbooks,Main Character Money Journal | Color Create Studio,"A guided money journal that turns daily pages into real change - prompts that push, space that frees. A cover you're proud to display, prompts that sound...",Main Character Money Journal - handmade physical product by Color Create Studio
emergency-mindset-reset-pages,Emergency Mindset Reset Pages,Journals & Workbooks,Emergency Mindset Reset Pages | Color Create Studio,"A printable reset pack you can use again and again - instant download, lifetime use.",Emergency Mindset Reset Pages - digital download by Color Create Studio
alter-ego-file-printable,Alter Ego File Printable,Journals & Workbooks,Alter Ego File Printable | Color Create Studio,"A printable alter ego pack you can use again and again - instant download, lifetime use.",Alter Ego File Printable - digital download by Color Create Studio
3-daily-wins-printable,3 Daily Wins Printable,Journals & Workbooks,3 Daily Wins Printable | Color Create Studio,"A printable daily wins pack you can use again and again - instant download, lifetime use.",3 Daily Wins Printable - digital download by Color Create Studio
weekly-self-care-reflection-pages,Weekly Self-Care Reflection Pages,Journals & Workbooks,Weekly Self-Care Reflection Pages | Color Create Studio,"A printable reflection pack you can use again and again - instant download, lifetime use.",Weekly Self-Care Reflection Pages - digital download by Color Create Studio
printable-journal-page-pack,Printable Journal Page Pack,Journals & Workbooks,Printable Journal Page Pack | Color Create Studio,"A printable journal pack pack you can use again and again - instant download, lifetime use.",Printable Journal Page Pack - digital download by Color Create Studio
custom-guided-journal-design,Custom Guided Journal Design,Journals & Workbooks,Custom Guided Journal Design | Color Create Studio,"A done-for-you custom guided journal - designed around your brand, voice, and method.",Custom Guided Journal Design - custom design service by Color Create Studio
custom-workbook-design,Custom Workbook Design,Journals & Workbooks,Custom Workbook Design | Color Create Studio,"A done-for-you custom workbook - designed around your brand, voice, and method.",Custom Workbook Design - custom design service by Color Create Studio
custom-journal-template,Custom Journal Template,Journals & Workbooks,Custom Journal Template | Color Create Studio,"A done-for-you custom template - designed around your brand, voice, and method.",Custom Journal Template - custom design service by Color Create Studio
custom-sticker-design,Custom Sticker Design,Stickers,Custom Sticker Design | Color Create Studio,"A custom sticker designed to your theme and printed how you want it - digital file, print-ready, or peel-and-stick shipped to you. Colors that pop on any...",Custom Sticker Design - custom design service by Color Create Studio
custom-name-sticker-sheet,Custom Name Sticker Sheet,Stickers,Custom Name Sticker Sheet | Color Create Studio,"A name sticker designed to your theme and printed how you want it - digital file, print-ready, or peel-and-stick shipped to you. Colors that pop on any...",Custom Name Sticker Sheet - custom design service by Color Create Studio
custom-party-sticker-labels,Custom Party Sticker Labels,Stickers,Custom Party Sticker Labels | Color Create Studio,"A party sticker designed to your theme and printed how you want it - digital file, print-ready, or peel-and-stick shipped to you. Colors that pop on any...",Custom Party Sticker Labels - custom design service by Color Create Studio
custom-business-sticker-labels,Custom Business Sticker Labels,Stickers,Custom Business Sticker Labels | Color Create Studio,"A business sticker designed to your theme and printed how you want it - digital file, print-ready, or peel-and-stick shipped to you. Colors that pop on any...",Custom Business Sticker Labels - custom design service by Color Create Studio
custom-product-label-stickers,Custom Product Label Stickers,Stickers,Custom Product Label Stickers | Color Create Studio,"A product label designed to your theme and printed how you want it - digital file, print-ready, or peel-and-stick shipped to you. Colors that pop on any...",Custom Product Label Stickers - custom design service by Color Create Studio
waterproof-vinyl-stickers,Waterproof Vinyl Stickers,Stickers,Waterproof Vinyl Stickers | Color Create Studio,"A waterproof vinyl sticker sheet built to stick, shine, and show off your style.",Waterproof Vinyl Stickers - print + ship product by Color Create Studio
holographic-sticker-sheet,Holographic Sticker Sheet,Stickers,Holographic Sticker Sheet | Color Create Studio,"A holographic sticker sheet built to stick, shine, and show off your style.",Holographic Sticker Sheet - print + ship product by Color Create Studio
mystery-sticker-pack,Mystery Sticker Pack,Stickers,Mystery Sticker Pack | Color Create Studio,"A mystery sticker sheet built to stick, shine, and show off your style.",Mystery Sticker Pack - print + ship product by Color Create Studio
nova-lai-sticker-sheet,Nova Lai Sticker Sheet,Stickers,Nova Lai Sticker Sheet | Color Create Studio,"A nova lai sticker sheet built to stick, shine, and show off your style.",Nova Lai Sticker Sheet - print + ship product by Color Create Studio
zaza-dollz-sticker-sheet,ZaZa Dollz Sticker Sheet,Stickers,ZaZa Dollz Sticker Sheet | Color Create Studio,"A zaza dollz sticker sheet built to stick, shine, and show off your style.",ZaZa Dollz Sticker Sheet - print + ship product by Color Create Studio
printable-sticker-sheet,Printable Sticker Sheet,Stickers,Printable Sticker Sheet | Color Create Studio,"A printable sticker sheet built to stick, shine, and show off your style.",Printable Sticker Sheet - digital download by Color Create Studio
bundle-add-on-sticker-pack,Bundle Add-On Sticker Pack,Stickers,Bundle Add-On Sticker Pack | Color Create Studio,Add a coordinating sticker pack to any order at a bundle-friendly price.,Bundle Add-On Sticker Pack - add-on by Color Create Studio
kids-creative-bundle,Kids Creative Bundle,Bundles,Kids Creative Bundle | Color Create Studio,"The kids creative bundle - more value, one cohesive look, everything that goes together in a single offer.",Kids Creative Bundle - bundle by Color Create Studio
nova-lai-birthday-bundle,Nova Lai Birthday Bundle,Bundles,Nova Lai Birthday Bundle | Color Create Studio,"The nova lai birthday bundle - more value, one cohesive look, everything that goes together in a single offer.",Nova Lai Birthday Bundle - bundle by Color Create Studio
nova-lai-screen-free-bundle,Nova Lai Screen-Free Activity Bundle,Bundles,Nova Lai Screen-Free Activity Bundle | Color Create Studio,"The screen-free bundle - more value, one cohesive look, everything that goes together in a single offer.",Nova Lai Screen-Free Activity Bundle - bundle by Color Create Studio
nova-lai-story-activity-bundle,Nova Lai Story + Activity Bundle,Bundles,Nova Lai Story + Activity Bundle | Color Create Studio,"The story + activity bundle - more value, one cohesive look, everything that goes together in a single offer.",Nova Lai Story + Activity Bundle - bundle by Color Create Studio
nova-lai-coloring-sticker-bundle,Nova Lai Coloring + Sticker Bundle,Bundles,Nova Lai Coloring + Sticker Bundle | Color Create Studio,"The coloring + sticker bundle - more value, one cohesive look, everything that goes together in a single offer.",Nova Lai Coloring + Sticker Bundle - bundle by Color Create Studio
custom-party-bundle,Custom Party Bundle,Bundles,Custom Party Bundle | Color Create Studio,"The party bundle - more value, one cohesive look, everything that goes together in a single offer.",Custom Party Bundle - bundle by Color Create Studio
custom-event-design-bundle,Custom Event Design Bundle,Bundles,Custom Event Design Bundle | Color Create Studio,"The event bundle - more value, one cohesive look, everything that goes together in a single offer.",Custom Event Design Bundle - bundle by Color Create Studio
custom-memorial-bundle,Custom Memorial Bundle,Bundles,Custom Memorial Bundle | Color Create Studio,"The memorial bundle - more value, one cohesive look, everything that goes together in a single offer.",Custom Memorial Bundle - bundle by Color Create Studio
business-starter-design-bundle,Business Starter Design Bundle,Bundles,Business Starter Design Bundle | Color Create Studio,"The business starter bundle - more value, one cohesive look, everything that goes together in a single offer.",Business Starter Design Bundle - bundle by Color Create Studio
canva-template-bundle,Canva Template Bundle,Bundles,Canva Template Bundle | Color Create Studio,"The canva bundle - more value, one cohesive look, everything that goes together in a single offer.",Canva Template Bundle - bundle by Color Create Studio
digital-printable-bundle,Digital Printable Bundle,Bundles,Digital Printable Bundle | Color Create Studio,"The digital printable bundle - more value, one cohesive look, everything that goes together in a single offer.",Digital Printable Bundle - bundle by Color Create Studio
handmade-book-sticker-bundle,Handmade Book + Sticker Bundle,Bundles,Handmade Book + Sticker Bundle | Color Create Studio,"The book + sticker bundle - more value, one cohesive look, everything that goes together in a single offer.",Handmade Book + Sticker Bundle - bundle by Color Create Studio
mystery-creative-bundle,Mystery Creative Bundle,Bundles,Mystery Creative Bundle | Color Create Studio,"The mystery bundle - more value, one cohesive look, everything that goes together in a single offer.",Mystery Creative Bundle - bundle by Color Create Studio
custom-coloring-book-design,Custom Coloring Book Design,Custom Book & Product Creation Services,Custom Coloring Book Design | Color Create Studio,"A done-for-you custom coloring book - from concept to print-ready files. You bring the idea; we build the product. A finished product you can see, a process...",Custom Coloring Book Design - custom design service by Color Create Studio
custom-kids-coloring-book-design,Custom Kids Coloring Book Design,Custom Book & Product Creation Services,Custom Kids Coloring Book Design | Color Create Studio,"A done-for-you custom kids coloring book - from concept to print-ready files. You bring the idea; we build the product. A finished product you can see, a...",Custom Kids Coloring Book Design - custom design service by Color Create Studio
custom-adult-coloring-book-design,Custom Adult Coloring Book Design,Custom Book & Product Creation Services,Custom Adult Coloring Book Design | Color Create Studio,"A done-for-you custom adult coloring book - from concept to print-ready files. You bring the idea; we build the product. A finished product you can see, a...",Custom Adult Coloring Book Design - custom design service by Color Create Studio
custom-activity-book-design,Custom Activity Book Design,Custom Book & Product Creation Services,Custom Activity Book Design | Color Create Studio,"A done-for-you custom activity book - from concept to print-ready files. You bring the idea; we build the product. A finished product you can see, a process...",Custom Activity Book Design - custom design service by Color Create Studio
custom-journal-design-service,Custom Journal Design,Custom Book & Product Creation Services,Custom Journal Design | Color Create Studio,"A done-for-you custom journal - from concept to print-ready files. You bring the idea; we build the product. A finished product you can see, a process you're...",Custom Journal Design - custom design service by Color Create Studio
custom-workbook-design-service,Custom Workbook Design,Custom Book & Product Creation Services,Custom Workbook Design | Color Create Studio,"A done-for-you custom workbook - from concept to print-ready files. You bring the idea; we build the product. A finished product you can see, a process...",Custom Workbook Design - custom design service by Color Create Studio
custom-printable-pack-design,Custom Printable Pack Design,Custom Book & Product Creation Services,Custom Printable Pack Design | Color Create Studio,"A done-for-you custom printable pack - from concept to print-ready files. You bring the idea; we build the product. A finished product you can see, a process...",Custom Printable Pack Design - custom design service by Color Create Studio
custom-digital-product-design,Custom Digital Product Design,Custom Book & Product Creation Services,Custom Digital Product Design | Color Create Studio,"A done-for-you custom digital product - from concept to print-ready files. You bring the idea; we build the product. A finished product you can see, a...",Custom Digital Product Design - custom design service by Color Create Studio
custom-book-cover-design,Custom Book Cover Design,Custom Book & Product Creation Services,Custom Book Cover Design | Color Create Studio,"A done-for-you custom book cover - from concept to print-ready files. You bring the idea; we build the product. A finished product you can see, a process...",Custom Book Cover Design - custom design service by Color Create Studio
custom-book-interior-layout,Custom Book Interior Layout,Custom Book & Product Creation Services,Custom Book Interior Layout | Color Create Studio,"A done-for-you custom interior layout - from concept to print-ready files. You bring the idea; we build the product. A finished product you can see, a...",Custom Book Interior Layout - custom design service by Color Create Studio
custom-book-mockup-design,Custom Book Mockup Design,Custom Book & Product Creation Services,Custom Book Mockup Design | Color Create Studio,"A done-for-you custom mockup - from concept to print-ready files. You bring the idea; we build the product. A finished product you can see, a process you're...",Custom Book Mockup Design - custom design service by Color Create Studio
custom-canva-book-template,Custom Canva Book Template,Custom Book & Product Creation Services,Custom Canva Book Template | Color Create Studio,"A done-for-you custom canva book - from concept to print-ready files. You bring the idea; we build the product. A finished product you can see, a process...",Custom Canva Book Template - custom design service by Color Create Studio
custom-activity-page-design,Custom Activity Page Design,Custom Book & Product Creation Services,Custom Activity Page Design | Color Create Studio,A custom activity page designed to slot right into your book or product.,Custom Activity Page Design - custom design service by Color Create Studio
custom-word-search-page,Custom Word Search Page,Custom Book & Product Creation Services,Custom Word Search Page | Color Create Studio,A custom word search designed to slot right into your book or product.,Custom Word Search Page - custom design service by Color Create Studio
custom-crossword-page,Custom Crossword Page,Custom Book & Product Creation Services,Custom Crossword Page | Color Create Studio,A custom crossword designed to slot right into your book or product.,Custom Crossword Page - custom design service by Color Create Studio
custom-maze-page,Custom Maze Page,Custom Book & Product Creation Services,Custom Maze Page | Color Create Studio,A custom maze designed to slot right into your book or product.,Custom Maze Page - custom design service by Color Create Studio
custom-bingo-page,Custom Bingo Page,Custom Book & Product Creation Services,Custom Bingo Page | Color Create Studio,A custom bingo designed to slot right into your book or product.,Custom Bingo Page - custom design service by Color Create Studio
custom-affirmation-card-design,Custom Affirmation Card Design,Custom Book & Product Creation Services,Custom Affirmation Card Design | Color Create Studio,A custom affirmation card designed to slot right into your book or product.,Custom Affirmation Card Design - custom design service by Color Create Studio
custom-character-bio-page,Custom Character Bio Page,Custom Book & Product Creation Services,Custom Character Bio Page | Color Create Studio,A custom character bio designed to slot right into your book or product.,Custom Character Bio Page - custom design service by Color Create Studio
book-design-consultation,Book Design Consultation,Custom Book & Product Creation Services,Book Design Consultation | Color Create Studio,"Map your entire book project in one focused session - scope, format, timeline, and budget, before you commit a dime to production.",Book Design Consultation - consultation by Color Create Studio
rush-design-fee,Rush Design Fee,Add-Ons,Rush Design Fee | Color Create Studio,Need it fast? Jump the queue and get your design prioritized.,Rush Design Fee - add-on by Color Create Studio
extra-revision,Extra Revision,Add-Ons,Extra Revision | Color Create Studio,An additional round of revisions beyond your included edits.,Extra Revision - add-on by Color Create Studio
additional-design-concept,Additional Design Concept,Add-Ons,Additional Design Concept | Color Create Studio,A second original concept direction to choose from.,Additional Design Concept - add-on by Color Create Studio
canva-editable-link-add-on,Canva Editable Link Add-On,Add-Ons,Canva Editable Link Add-On | Color Create Studio,Get an editable Canva link so you can tweak your design anytime.,Canva Editable Link Add-On - add-on by Color Create Studio
extra-file-format-add-on,Extra File Format Add-On,Add-Ons,Extra File Format Add-On | Color Create Studio,"Receive your design in an additional file format (PNG, PDF, SVG, etc.).",Extra File Format Add-On - add-on by Color Create Studio
commercial-use-license,Commercial Use License,Add-Ons,Commercial Use License | Color Create Studio,License your design for commercial use and resale.,Commercial Use License - add-on by Color Create Studio
ownership-transfer-fee,Ownership Transfer Fee,Add-Ons,Ownership Transfer Fee | Color Create Studio,Full ownership transfer of the source files and rights.,Ownership Transfer Fee - add-on by Color Create Studio
custom-illustration-add-on,Custom Illustration Add-On,Add-Ons,Custom Illustration Add-On | Color Create Studio,Add a hand-crafted custom illustration to your design.,Custom Illustration Add-On - add-on by Color Create Studio
custom-character-design-add-on,Custom Character Design Add-On,Add-Ons,Custom Character Design Add-On | Color Create Studio,Add an original custom character to your project.,Custom Character Design Add-On - add-on by Color Create Studio
photo-cleanup-add-on,Photo Cleanup Add-On,Add-Ons,Photo Cleanup Add-On | Color Create Studio,"Professional cleanup, retouch, and color-correction of your photo.",Photo Cleanup Add-On - add-on by Color Create Studio
background-removal-add-on,Background Removal Add-On,Add-Ons,Background Removal Add-On | Color Create Studio,Clean background removal on your provided image.,Background Removal Add-On - add-on by Color Create Studio
matching-social-graphic-add-on,Matching Social Media Graphic Add-On,Add-Ons,Matching Social Media Graphic Add-On | Color Create Studio,A matching social graphic to promote your design.,Matching Social Media Graphic Add-On - add-on by Color Create Studio
matching-thank-you-card-add-on,Matching Thank-You Card Add-On,Add-Ons,Matching Thank-You Card Add-On | Color Create Studio,A coordinating thank-you card to complete the set.,Matching Thank-You Card Add-On - add-on by Color Create Studio
matching-sticker-add-on,Matching Sticker Design Add-On,Add-Ons,Matching Sticker Design Add-On | Color Create Studio,A matching sticker design to round out your order.,Matching Sticker Design Add-On - add-on by Color Create Studio
matching-party-favor-add-on,Matching Party Favor Design Add-On,Add-Ons,Matching Party Favor Design Add-On | Color Create Studio,A matching favor design to extend your theme.,Matching Party Favor Design Add-On - add-on by Color Create Studio
mockup-image-add-on,Mockup Image Add-On,Add-Ons,Mockup Image Add-On | Color Create Studio,A realistic mockup image of your design in use.,Mockup Image Add-On - add-on by Color Create Studio
print-upgrade,Print Upgrade,Add-Ons,Print Upgrade | Color Create Studio,Upgrade your order to higher-quality printing.,Print Upgrade - add-on by Color Create Studio
premium-cardstock-upgrade,Premium Cardstock Upgrade,Add-Ons,Premium Cardstock Upgrade | Color Create Studio,"Thicker, premium cardstock for a luxe feel.",Premium Cardstock Upgrade - add-on by Color Create Studio
matte-paper-upgrade,Matte Paper Upgrade,Add-Ons,Matte Paper Upgrade | Color Create Studio,"Smooth, glare-free matte finish.",Matte Paper Upgrade - add-on by Color Create Studio
glossy-paper-upgrade,Glossy Paper Upgrade,Add-Ons,Glossy Paper Upgrade | Color Create Studio,"Vibrant, high-shine glossy finish.",Glossy Paper Upgrade - add-on by Color Create Studio
sticker-paper-upgrade,Sticker Paper Upgrade,Add-Ons,Sticker Paper Upgrade | Color Create Studio,Print your design on adhesive sticker paper.,Sticker Paper Upgrade - add-on by Color Create Studio
waterproof-sticker-upgrade,Waterproof Sticker Paper Upgrade,Add-Ons,Waterproof Sticker Paper Upgrade | Color Create Studio,"Durable, waterproof sticker material.",Waterproof Sticker Paper Upgrade - add-on by Color Create Studio
holographic-sticker-upgrade,Holographic Sticker Upgrade,Add-Ons,Holographic Sticker Upgrade | Color Create Studio,Eye-catching holographic finish.,Holographic Sticker Upgrade - add-on by Color Create Studio
lamination-add-on,Lamination Add-On,Add-Ons,Lamination Add-On | Color Create Studio,Protective lamination for durability and shine.,Lamination Add-On - add-on by Color Create Studio
cutting-add-on,Cutting Add-On,Add-Ons,Cutting Add-On | Color Create Studio,Precision cutting so your prints arrive ready to use.,Cutting Add-On - add-on by Color Create Studio
assembly-add-on,Assembly Add-On,Add-Ons,Assembly Add-On | Color Create Studio,We assemble your product so it arrives ready to go.,Assembly Add-On - add-on by Color Create Studio
gold-spiral-binding-add-on,Gold Spiral Binding Add-On,Add-Ons,Gold Spiral Binding Add-On | Color Create Studio,Premium gold spiral binding for a standout finish.,Gold Spiral Binding Add-On - add-on by Color Create Studio
book-binding-add-on,Book Binding Add-On,Add-Ons,Book Binding Add-On | Color Create Studio,Professional binding for your book or journal.,Book Binding Add-On - add-on by Color Create Studio
gift-packaging-add-on,Gift Packaging Add-On,Add-Ons,Gift Packaging Add-On | Color Create Studio,Gift-ready packaging so it arrives ready to give.,Gift Packaging Add-On - add-on by Color Create Studio
shipping-upgrade,Shipping Upgrade,Add-Ons,Shipping Upgrade | Color Create Studio,"Faster, tracked, or priority shipping.",Shipping Upgrade - add-on by Color Create Studio
local-pickup-option,Local Pickup Option,Add-Ons,Local Pickup Option | Color Create Studio,Skip shipping and pick up your order locally.,Local Pickup Option - add-on by Color Create Studio
